Key,Id,Shared Comments,English (United States)(en-US),English (United States)(en-US) Comments,Korean (South Korea)(ko-KR),Korean (South Korea)(ko-KR) Comments
ui_account_logout,,,Do you want to log-out? ,,로그아웃 하시겠습니까?,
ui_purchase_no_available,,,Not available on current device. ,,현재 기기에서 이용할 수 없습니다.,
ui_information_education_level,,,"Unknown, elementary school or lower, elementary school graduate, middle school dropout, middle school graduate, high school dropout, high school graduate, junior college dropout, junior college graduate, college dropout, college graduate, graduate school or higher",,"모름, 초등학교 이하, 초등학교 졸업, 중학교 중퇴, 중학교 졸업, 고등학교 중퇴, 고등학교 졸업, 전문대학교 중퇴, 전문대학교 졸업, 대학교 중퇴, 대학교 졸업, 대학원 이상",
ui_network_checked,,,Please check your wifi connection,,인터넷 상태를 확인해주세요,
ui_progress_choices,,,"Next, Previous",,"다 음, 이 전",
ui_confirm_choices,,,"OK, Cancel",,"확 인, 취 소",
ui_agreement_choices,,,"Yes, No",,"예, 아니오",
ui_information_changed,,,You have completed registration with the changed information. ,,변경하신 정보로 등록 완료되었습니다,
ui_information_nickname_changed_failed,,,Please check that your nickname.,,닉네임을 확인해주세요.,
ui_information_email_changed_failed,,,"Please check that your email format is correct, some of the email address is missing. ",,"이메일 주소 형식이 맞는지 확인해주세요, 이메일 주소가 일부 누락되었습니다.",
ui_information_rechecked,,,Please check what you have entered is correct. ,,입력하신 사항을 다시 확인해 주십시오.,
ui_gender,,,"Gender, male, female",,"성별, 남성, 여성",
suffix_information_user_checked,,,Are you {0}?,,{0}님이 맞으신가요?,
suffix_information_user_birth_year,,,Born year {0},,{0}년생,
ui_register_history_exists,,,"You have already registered, there is already an existing nickname. ",,"이미 가입된 이력이 있습니다, 이미 존재하는 닉네임이 있습니다.",
ui_request_feedback,,,Please contact the administrator. ,,관리자에게 문의하세요.,
ui_register_faults,,,"Failed to register for the service, failed to register for the authentication server. ",,"해당 서비스 가입에 실패하였습니다, 해당 인증서버 가입에 실패하였습니다.",
ui_signin_failed,,,Failed to log-in. ,,로그인에 실패하였습니다.,
ui_signin_account_rechecked,,,"Please check your ID and password, and try again. ",,아이디와 비밀번호를 다시 확인하고 시도해주세요.,
ui_information_user_not_found,,,Unable to find user {0},,사용자 {0}를 찾을 수 없습니다.,
ui_auth_results,,,"Verification was successful, Verification failed, Please try again. ",,"인증을 성공 했습니다, 인증에 실패 했습니다. 다시 시도 해주세요.",
ui_account_delete,,,Withdrawal has been completed. ,,탈퇴가 완료되었습니다.,
ui_play_auto_repeated_description,,,"Repeat the same level automatically. If you activate this button, the game will automatically repeat at the difficulty level you were just playing. You can quit the game at any time.",,동일 난이도 자동 반복. 이 버튼을 활성화하면 방금 진행하였던 게임 난이도로 게임이 자동으로 반복됩니다. 게임을 그만두고 싶을 땐 언제든지 종료할 수 있습니다.,
ui_play_auto_progress_description,,,"Move on to the next level subsequently. If you active this button, the next level game will proceed sequentially when you clear the game (if the next stage condition is met). You can quit the game at any time. ",,다음 난이도 훈련 순차 진행. 이 버튼을 활성화하면 게임을 클리어 할 시 (스테이지 오픈조건 충족 시) 다음 난이도 단계의 게임이 순차적으로 진행됩니다. 게임을 그만두고 싶을 땐 언제든지 종료할 수 있습니다.,
ui_play_auto_repeated_title,,,"Auto-repeat on, Auto-repeat off",,"자동반복 켜기, 자동반복 끄기",
ui_play_auto_progress_title,,,"Sequential progress on, sequential progress off",,"순차진행 켜기, 순차진행 끄기",
ui_tutorial_progress_comments,,,Well-done. Shall we try again? Well done. It's real stage now! Wrong. Shall we try again? ,,"잘했습니다. 한번 더 해볼까요?, 잘했습니다. 이제 실전입니다!, 틀렸습니다. 다시 한번 해볼까요?",
ui_play_progress_results,,,Well-done. Shall we try again with focus? A little disappointing! Good job! Very well! ,,"잘했어요!, 집중해서 다시 해볼까요?, 조금 아쉬워요!, 잘했어요!, 아주 훌륭해요!",
ui_inputfield_mobile_invalid,,,"The number you have entered is not in service, verification number will be sent shortly to the cellphone number you have entered, please enter the 6-digit verification code, please check your phone number, please correct if the verification number is correct and try again, verification is complete ",,"서비스 불가한 번호입니다, 입력하신 핸드폰으로 인증번호가 곧 전송됩니다, 인증번호 여섯 자리를 입력해주세요, 휴대폰 번호를 확인해주세요., 인증번호가 맞는지 확인하시고 다시 입력해주세요, 인증 완료",
ui_inputfield_id_invalid,,,"Please check {0} again, special characters cannot be used, enter {0}, {0} must be at least two characters, {0} must be less than 30 characters. ",,"{0}을 확인해 주세요, 특수문자를 사용 할 수 없습니다, {0}을 입력하세요, {0}은 두 글자 이상 입력해주세요, {0}은 30자 미만으로 입력해주세요",
ui_inputfield_name_types,,,"Nickname, ID, Name",,"닉네임, 아이디, 이름",
ui_inputfield_birth_date_invalid,,,"Please check your date of birth, Enter your date of birth as 8 digits, The date of birth cannot be a negative number, The year of birth cannot be later than the present, The date of birth cannot be earlier than 1910, According to the Article 31 of the Act on Promotion of Information and Communications Network Utilization and Information Protection, etc., persons under the age of 14 without the consent of a legal representative cannot register as members, The month of birth must be a number between 1 and 12, The birthday must be a number between 1 and 31.",,"출생년도를 확인해주세요, 생년월일을 8 자릿수로 입력해주세요, 생년은 음수가 될 수 없습니다, 생년은 현재보다 나중일 수 없습니다, 생년은 1910 년보다 이전일 수 없습니다, 정보통신망 이용촉진 및 정보보호 등에 관한 법률 제 31 조에 의거하여 법정대리인의 동의가 없는 14 세 미만자는 회원가입이 불가합니다, 생월은 1 ~ 12 사이의 숫자여야 합니다, 생일은 1 ~ 31 사이의 숫자여야 합니다",
ui_information_education_invalid,,,"Please enter 0 if not applicable, Year of education cannot be a negative number, Year of education cannot exceed 50, Please select your highest level of education",,"이력이 없을 경우 0 을 입력해주세요, 햇수는 음수가 될 수 없습니다, 햇수는 50 을 넘을 수 없습니다, 최종학력을 선택해주세요",
ui_inputfield_password_invalid,,,"Please enter a password of at least 4 characters, Password verification failed",,"비밀번호를 확인해주세요, 비밀번호 확인에 실패하였습니다",
ui_information_password_changed,,,Password change is completed.,,비밀번호 변경이 완료되었습니다.,
suffix_gamepass_label,,,Smartcare passes of {0},,<b>{0}님의</b> 스마케어 이용권,
prefix_gamepass_date,,,"Payment date, Expiration date",,"결제일, 만료일",
ui_purchase_history_not_found,,,There is no record of payment.,,결제 내역이 없습니다,
ui_progress_completions,,,"Complete, Incomplete",,"완료, 미완료",
ui_points,,,points,,점,
ui_information_education_label,,,Please select your education background.,,학력을 선택해주세요,
ui_information_today_training_complete,,,Today's training is complete!,,오늘의 훈련 완료!,
ui_report_recommendation,,,Need to focus on {0} type of game. ,,{0} 위주의 게임을 더 해야 합니다,
ui_report_encourage_result,,,{0}is excellent! {1} requires more work. ,,{0}이 훌륭해요! {1}은 노력이 필요해요,
suffix_user_age,,,{0} age,,{0] 대,
ui_report_summary_failed,,,Unable to calculate your brain age. ,,당신의 두뇌 나이를 산출할 수 없습니다,
ui_report_history_not_enough,,,There is no or insufficient play history. ,,플레이한 내역이 없거나 부족합니다,
ui_report_infer_age,,,Your cognitive status is estimated to be {0} age.,,당신의 인지상태는 {0}대로 추정됩니다.,
ui_report_encourage_teenagers,,,"It is known that brain works the fastest in the teenage years. Since this is the age when the brain processes information the fastest, you will be able to achieve the average cognitive function of your peers in a short period of time.  ",,가장 두뇌회전이 빠른 나이가 10대라고 합니다. 두뇌의 정보처리 속도가 가장 빠른 시기인만큼 인지훈련 콘텐츠를 집중하여 수행하면 빠른 시일 내에 또래의 평균 인지능력을 가질 수 있게 될 것으로 보입니다.,
ui_report_encourage_normal_comment_0,,,Your cognitive function is estimated to be similar to your peers. Do not neglect brain training for the future!,,인지능력은 또래와 비슷한 수준으로 추정됩니다. 앞으로의 미래를 위하여 두뇌훈련을 게을리 하지 마세요!,
ui_report_encourage_normal_comment_1,,,Your cognitive function is perfectly normal! You have the brain to process everything with confidence. Congratulation! Try to maintain your current state by continuing to practive cognitive training. ,,당신의 인지능력은 지극히 정상! 입니다. 자신감 있게 모든 일을 처리할 수 있는 뇌를 가지셨습니다. 축하합니다! 인지훈련을 지속적으로 시행해서 현재의 상태를 유지할 수 있도록 노력해 보세요.,
ui_report_encourage_good_comment_0,,,"You belong to the higher group compared to the average of your peer group. Since you have good abilities, it is important to maintain those abilities. Let's maintain the healthy condition through constant management. ",,또래집단 평균에 비해 상위집단에 속해 있습니다. 좋은 능력을 지녔다면 그 능력을 유지하는 것도 중요합니다. 꾸준한 관리를 통해 건강한 상태를 유지합시다.,
ui_report_encourage_good_comment_1,,,Amazing. Your brain cells are actively transmitting information! The connections between brain cells are very good! Let's keep up the cognitive function with consistent training! ,,"놀랍습니다. 당신의 뇌세포는 활발하게 정보를 전달하고 있어요! 뇌세포간 연결이 매우 잘 되어 있습니다! 꾸준한 훈련을 통해서 인지 상태를 유지합시다!""",
ui_report_encourage_good_comment_2,,,Amazing. You have a good cognitive function and excesllent task processing ability. It is an ability to maintain the good cognitive ability. Train your cognitive function consistently! ,,"놀랍습니다. 당신은 좋은 인지능력을 갖고 있고, 과제처리 능력도 뛰어납니다. 좋은 인지능력을 갖고 있다면 그것을 지키는 것도 능력입니다. 인지훈련을 꾸준히 이용하세요!""",{0} 무시
ui_report_encourage_bad_comment_0,,,Your cognitive function is estimated to be low overall. It is necessary that you train your cognitive function consistently to develop each category evenly.  ,,인지능력이 전체적으로 낮은 상태로 추정됩니다. 인지 훈련을 꾸준하게 실시하여 각각의 영역을 균일성 있게 발달시킬 필요성이 있습니다.,
ui_report_encourage_bad_comment_1,,,"Your cognitive function is below the average of your age group. You may not have any problem in performing your work or maintaining your daily life, but your brain cells need exercise! Let's use cognitive training to keep your brain healthy. ",,"당신의 인지능력은 그 나이대에 비해서 떨어진다고 분석됩니다. 직장에서 업무를 수행하거나 일상생활에는 지장이 없겠지만, 당신의 뇌세포는 운동이 필요합니다! 인지훈련을 이용하여 뇌 건강을 지킵시다.",
ui_report_encourage_bad_comment_2,,,"The analysis shows that your cognitive ability is lower than that of your age. You need constant and persistent cognitive training. Train your cognitive function consistently, and focus on tasks that require more work. ",,"분석 결과 당신의 인지능력은 그 나이대에 비하여 떨어집니다. 주기적이고 지속적인 인지훈련이 필요합니다. 인지 훈련을 꾸준히 이용하시고, 부족한 영역의 과제를 집중수행 하시는 걸 추천합니다.","{0} , {1} 무시"
ui_report_encourage_good_comment_3,,,You have a very good cognitive function. ,,당신은 매우 좋은 인지능력을 지녔습니다.,
ui_report_encourage_normal_comment_2,,,"Your cognitive ability is generally good. If you perform cognitive training that allows you to focus on tasks that are low in cognitive function, it will be of great help in maintaining brain health. ",,인지능력은 전체적으로 양호한 편입니다. 인지능력이 떨어지는 영역의 과제들을 집중적으로 수행할 수 있는 인지훈련을 진행하시면 뇌 건강을 유지하는데 큰 도움이 될 것입니다.,"{0} 무시, {0}은 나이입니다. Ex. 10대 , 20대 "
ui_report_encourage_good_comment_4,,,"The connections between brain cells in your brain are well-connected, and each area is well-activated. Congratulation!",,"당신의 두뇌는 충분히 뇌세포 간 연결이 잘 이루어져 있고, 두뇌 영역별 활성화가 잘 이루어져 있습니다. 축하합니다!""",
ui_report_encourage_bad_comment_3,,,"Your cognitive function is below the average of your peer group. Through cognitive training, you should focus on improving your cognitive abilities in areas where you are lacking, and deliberately implement training for each area. ",,"당신의 인지능력은 또래집단 보다 저하되어 있는 상태입니다. 인지훈련을 통하여 부족한 영역의 인지능력을 집중적으로 향상시키고, 계획적으로 각 영역별 훈련을 실시해야 합니다.",
ui_report_encourage_normal_comment_3,,,"Generally, cognitive decline becomes noticeable from the age of 50. Your brain health is currently at a good level. Let's keep up the current state through cognitive training, and maintain healthy brain! ",,보편적으로 50대부터 인지능력의 저하가 눈에 띄게 나타나기 시작합니다. 지금 당신의 뇌 건강은 양호한 수준입니다. 인지훈련을 실시하여 현재 상태를 유지하여 건강한 뇌 건강을 지켜나갑시다!,{0} 무시
ui_report_encourage_good_comment_5,,,"You have a higher cognitive function compared to that of same age group. Your brain is well-activated, and can very easily perform tasks in each category. It is advised that you conduct cognitive training consistently to maintain the good cognitive function. ",,"당신은 동 나이대의 일반인들에 비해 상위의 인지능력을 갖고 있습니다. 뇌 활성화가 잘 되어 있고,  각 영역별 과제들을 매우 쉽게 수행할 수 있는 능력입니다. 좋은 인지능력을 꾸준하게 유지하게 위해서 인지훈련을 주기적으로 실시하시는 것을 권장합니다.",
ui_report_encourage_bad_comment_4,,,"The analysis shows that your overall cognitive function is at a low score. When there is cognitive decline, you should immediately start training to delay the decline; thus, intensive and multiple training sessions are recommended. ",,"뇌 건강 분석 결과 당신의 인지능력은 전체적으로 하위점수를 기록하였습니다. 인지능력 저하가 나타났을 때, 훈련을 바로 수행해야 저하를 지연시킬 수 있기 때문에, 집중적이고 다발적인 훈련을 권장합니다.",
ui_report_encourage_normal_comment_4,,,"Your cognitive function is generally good. Some forgetfulness, forgetting words, forgetting the location of objects can happen commonly at this age. Let's train the cognitive ability to delay brain cell aging and maintain healthy brain. ",,"당신의 인지능력은 전체적으로 양호합니다. 약간의 건망증, 단어 망각, 물건 위치 망각 등은 이 나이대에서 흔하게 일어날 수 있는 현상입니다. 인지훈련을 실시하여 뇌세포 노화를 지연시키고 뇌 건강을 지켜나갈 수 있도록 합시다.",
ui_report_encourage_good_comment_6,,,"Your cognitive function is outstanding even when compared to teenagers. However, since you are elderly, your brain cells are aging. In order to delay aging and maintain healthy brain cells like now, it is recommended that you consistently perform cognitive training. ",,당신의 인지능력은 {1}0대와 비교해도 손색이 없을 정도로 뛰어납니다. 하지만 연세가 있으신 만큼 뇌세포의 노화는 진행 중입니다. 노화를 지연시키고 지금같은 건강한 뇌세포를 유지하기 위해서는 인지훈련을 꾸준하게 실시하는 것을 권장합니다.,
ui_report_encourage_bad_comment_5,,,"Your cognitive function has declined significantly. To delay brain cell aging, it is strongly recommended that you focus on cognitive training for at least one hour a day. ",,인지능력이 현저히 떨어져 있습니다. 뇌세포 노화를 지연시키기 위해서는 최소 하루에 한시간은 인지훈련을 집중하여 수행하는 것을 강력히 권장합니다,
ui_report_encourage_normal_comment_5,,,"Your brain health is good compared to that of your peer group. However, since you have entered the stage where cognitive aging is progressing, it is strongly recommended that you perform cognitive training consistently for about an hour every day. ",,"당신의 뇌건강은 또래집단에 비교했을 때 양호한 수준입니다. 하지만 인지노화가 진행되고 있는 단계에 접어들었으니, 인지훈련을 주기적으로, 하루 한시간 정도 매일 진행하는 것을 강력히 권장합니다.",
ui_report_encourage_good_comment_7,,,Congratulation. Your brain health is at a level similar to that of {0}. It is a very good news that cognitive aging is appearing slowly. It is recommended that you perform repeated cognitive training to delay cognitive aging. ,,축하합니다. 당신의 뇌건강은 {1}0대의 뇌건강과 비슷한 수준입니다. 인지노화가 느리게 나타나고 있다는 것은 매우 좋은 소식입니다. 인지노화의 지연을 위하여 반복적인 인지훈련 실시를 권장합니다.,
ui_report_encourage_bad_comment_6,,,Your cognitive function is estimated to be very low. Immediate therapeutic intervention by a specialist is necessary and consistent use of cognitive training is essential. Multiple use of cognitive training is strongly recommended. ,,인지능력이 심각하게 떨어져 있는 상태로 추정됩니다. 전문가의 조속한 치료적 개입이 필요하고 인지훈련의 꾸준한 사용이 필수적인 상황입니다. 인지훈련의 다발적 사용을 강력히 권장합니다.,
ui_report_encourage_normal_comment_6,,,"Your cognitive function is good compared to that of your peer group. However, since cognitive aging is in progress in the 80s, symptoms like forgetfulness, forgetting words, forgetting location of objects can become severe. It is strongly recommended that you train cognitive ability consistently. ",,"당신의 인지능력은 동년배와 비교하였을 때 양호합니다. 그러나 80대의 경우 인지능력의 노화가 계속 진행되고 있으니, 건망증, 단어 망각, 물건 위치 망각 등의 증세가 심해질 수도 있습니다. 인지훈련을 꾸준하게 진행하시길 강력히 권장합니다.",
ui_report_encourage_good_comment_8,,,"Congratulation. Your brain health is at a level similar to that of {0}. Compared to the cognitive abilities of your peers, you can assume that your cognitive aging is progressing slowly. To maintain this, we recommend performing repetitive cognitive training. ",,축하합니다. 두뇌 나이 분석 결과 당신의 인지능력은 {1}0대로 나타났습니다. 동년배들의 인지능력에 비교했을 때 당신은 인지노화가 느리게 진행되고 있다고 추정할 수 있습니다.이를 유지하기 위해서 반복적인 인지훈련 실시를 권장합니다.,
ui_report_encourage_bad_comment_7,,,Your cognitive status is estimated to be significantly low. Immediate therapeutic intervention by a specialist is necessary and consistent use of cognitive training is essential. Multiple use of cognitive training is strongly recommended. ,,"당신의 인지상태는 현저하게 떨어져 있는 수준으로 추정됩니다.
전문가의 조속한 치료적 개입이 필요하고 인지훈련의 꾸준한 사용이 필수적인 상황입니다. 인지훈련의 다발적 사용을 강력히 권장합니다.",
ui_report_encourage_normal_comment_7,,,"Your cognitive function is good compared to that of your peer group. However, since cognitive aging is in progress in the 90s, symptoms like forgetfulness, forgetting words, forgetting location of objects can become severe. It is strongly recommended that",,"당신의 인지능력은 동년배와 비교하였을 때 양호합니다. 그러나 90대의 경우 인지능력의 노화가 계속 진행되고 있으니, 건망증, 단어 망각, 물건 위치 망각 등의 증세가 심해질 수도 있습니다. 인지훈련을 꾸준하게 진행하시길 강력히 권장합니다.",
ui_report_encourage_good_comment_9,,,"Congratulation. Your brain health is at a level similar to that of {0}. Compared to the cognitive abilities of your peers, you can assume that your cognitive aging is progressing slowly. To maintain this, we recommend performing repetitive cognitive training. ",,축하합니다. 두뇌 나이 분석 결과 당신의 인지능력은 {0}0대로 나타났습니다. 동년배들의 인지능력에 비교했을 때 당신은 인지노화가 느리게 진행되고 있다고 추정할 수 있습니다.이를 유지하기 위해서 반복적인 인지훈련 실시를 권장합니다.,
ui_play_game_names,,,"Memory Pang Pang, Colorful OX, Guess the name, Addition/Subtraction, Find the different shape, What card should I get?, Let's dig for gems, Find the other direction, Word catching, How much is it?, Doctor's walk, Matching, Complete the proverb, Press the button, Who is it?, Where is it? ",,"메모리 팡팡, 알록달록 OX, 이름 알아 맞추기, 더하기 빼기, 다른 모양 찾기, 무슨 패를 먹을까?, 누가 더 클까?, 검은 돌을 찾아라!, 어느쪽 손일까, 보석을 캐자, 다른 방향을 찾아라, 단어잡기, 얼마일까요, 닥터의 산책, 짝맞추기, 속담 완성하기, 버튼을 눌러라, 누구일까요, 어디에 있을까",
ui_report_reaction_time,,,The response time of {0} is {1},,{0}님의 반응시간은 {1}입니다.,
suffix_times,,,"minute, second",,"분, 초",
suffix_name,,,{0} is,,{0} 님은,
ui_low_rank,,,{0}% behind,,{0}% 뒤에 있습니다.,
ui_high_rank,,,{0}% ahead,,{0}% 앞서 있습니다.,
ui_approximately,,,Same as your peers,,친구들과 같습니다,
ui_return_main,,,Return to main page,,메인으로,
ui_current_rank,,,Your current rank is {0}th place,,{0}등 입니다,
ui_courage_for_low_rank,,,You have to work very hard. Let's train 10 minutes every day to reach the top!,,매우 노력하셔야 해요. 하루 10분씩 훈련해서 차근차근 정상까지 올라가보아요!,
ui_courage_for_half_rank,,,You cannot be reassured now. Let's train a little harder and go higher! ,,아직 안심할 수 없어요. 조금 더 열심히 훈련해서 높이 올라가봐요!,
ui_courage_for_high_rank,,,Good job. You have to train consistently since it is easy to get tired at this stage. ,,잘하고 있어요. 하지만 지치기 쉬운 구간이니 꾸준한 인지 훈련이 필요하답니다.,
ui_courage_for_top_rank,,,Very good! Let's keep up the good work and reach the top!,,아주 훌륭해요! 조금만 더 노력해서 정상까지 가보기로 해요!,
ui_courage_for_the_one,,,Congratulation! You reached the top. Keep training consistently to maintain this rank.,,축하합니다! 정상에 올랐어요. 이 등수를 유지하기 위해 꾸준히 훈련을 반복해주세요!,
ui_game_abilities,,,"Memory, Language, Calculation, Attention, Spatial perception, Processing speed, Problem solving",,"기억력, 언어력, 계산력, 주의집중력, 공간지각력, 처리속도, 문제해결력",{0} 무시
ui_ages,,,"All, Age 10-19, Age 20-29, Age 30-39, Age 40-49, Age 50-59, Age 60-69, Age 70-79, Age 80-89, Age 90-99",,"전체 이용자, 10 대, 20 대, 30 대, 40 대, 50 대, 60 대, 70 대, 80 대, 90 대",Ex. (당신은) 50% 앞서 있습니다
ui_greet_comment,,,"{0}, Welcome!",,"님, 환영합니다!",
ui_request_diagnosis,,,"{0}, Shall we start with a dementia diagnosis once you are ready?",,"님, 준비되셨다면 치매 진단부터 해볼까요 ?",
ui_failed_purchase,,,Purchase failed,,구매에 실패하였습니다.,
ui_success_recovery_purchase,,,Your purchase history has been restored,,구매 내역을 복원하였습니다.,
ui_failed_recovery_purchase,,,Your purchase history has not been restored,,구매 내역을 복원하지 못하였습니다.,
ui_reject_purchase,,,Unable to purchase,,구매가 불가능합니다,
ui_no_products_available,,,No product is available for purchase,,구매할 수 있는 제품이 없습니다,
ui_invalidated_app,,,Application is unknown,,앱이 알려지지 않았습니다,
ui_request_retry_purchase,,,Payment time has elapsed. Please try again.,,결제 대기 시간이 경과하였습니다. 다시 시도해주세요.,
ui_already_purchase,,,This item has already been purchased. ,,이미 구매한 상품입니다.,
ui_check_account,,,Please try again after checking your account. ,,계정 확인 후 다시 시도해주세요.,
ui_buy_30_days,,,"1-month pass, 1-month pass purchase completed (30 days)",,"1개월 이용권, 1 개월 이용권 구매 완료 (30 일)",
ui_buy_90_days,,,"3-month pass, 3-month pass purchase completed (90 days)",,"3개월 이용권, 3 개월 이용권 구매 완료 (90 일)",
ui_buy_365_days,,,"1-year pass, 1-year pass purchase completed (365 days)",,"1년 이용권, 1 년 이용권 구매 완료 (365 일)",
ui_buy_infinity,,,"Unlimited pass, Unlimited pass purchase completed",,"무제한 이용권, 무제한 이용권 구매 완료",
ui_purchasing_unavailable,,,Unable to purchase,,구매가 불가합니다,
ui_existing_purchase_pending,,,Your existing purchase is on hold,,기존 구매가 보류중입니다,
ui_product_unavailable,,,This product is unavailable,,사용할 수 없는 제품입니다,
ui_signature_invalid,,,Authentication is invalid. Please log in again. ,,인증이 유효하지 않습니다. 재 로그인해주세요,
ui_purchase_cancelled,,,Purchase is cancelled. ,,구매가 취소되었습니다,
ui_payment_declined,,,Payment is declined. ,,결제가 거부되었습니다.,
ui_duplicated_transaction,,,Transaction is duplicated.,,거래가 중복되었습니다,
ui_unknown,,,Unknown error,,알수없는 오류가 발생하였습니다,
ui_already_infinity,,,You have already purchased the unlimited pass. ,,이미 무제한 이용권을 구매하셨습니다.,
ui_date_format,,,"Available until yyyy year, MM month, dd day",,yyyy 년 MM 월 dd 일까지 사용 가능합니다,
prefix_unlimited_available,,,Without a deadline,,기한의 정함이 없이,
ui_request_valid_coupon_length,,,The number of coupon is an 8-digit number. Please check again. ,,쿠폰 번호는 총 8 자리 입니다. 다시 확인해주세요.,
suffix_register_game_pass,,,{0} has been registered. ,,{0}이 등록되었습니다.,
ui_start_today_training,,,Today's training begin,,오늘의 훈련 시작,
ui_completed_today_training,,,Today's training completed,,오늘의 훈련 완료,
ui_ready_today_training,,,Today's training is ready. ,,오늘의 훈련이 준비되었습니다.,
ui_courage_next_training,,,Good job. Begin the next exercise. ,,잘하셨습니다. 다음 훈련을 시작하세요.,
ui_complement_training,,,Excellent. Please keep going! ,,훌륭합니다. 계속 진행하세요!,
ui_focusing_training,,,Almost done. Please focus. ,,거의 끝나갑니다. 집중해주세요.,
ui_guide_last_training,,,Good job. This is the last training session. ,,잘하셨습니다. 이제 마지막 훈련입니다.,
ui_direct_input,,,Input directly,,직접 입력,
ui_change_email,,,Change email address. ,,이메일 변경하기,
ui_register_email,,,Register email address.,,이메일 등록하기,"yyyy,mm,dd 를 그대로 표기해주시면 됩니다."
ui_no_exist_email,,,There is no registered email adress. ,,등록된 이메일이 없습니다.,
ui_alarm_ready,,,Getting ready. ,,준비중입니다,
ui_request_register_email,,,Please register email address. ,,이메일을 등록해주세요,
ui_quit_quiz,,,End of the quiz,,퀴즈종료,
ui_dementia_quiz_0,,,Can dementia be prevented? ,,치매는 예방할 수 있다?,
ui_dementia_quiz_0_explain,,,"Yes, dementia can be prevented!",,치매는 예방 할 수있답니다!,
ui_dementia_quiz_0_summary,,,It is possible to prevent dementia. ,,치매는 예방이 가능합니다.,
ui_dementia_quiz_1,,,Dementia is untreatable. ,,치매는불치병이다,
ui_dementia_quiz_1_explain,,,Dementia can be cured and delayed! ,,치매는고치거나 지연 시킬 수 있어요!,
ui_dementia_quiz_1_summary,,,Dementia is not an incurable disease. ,,치매는 불치병이 아니에요.,
ui_dementia_quiz_2,,,Cognitive training can be helpful in preventing dementia. ,,인지훈련은 치매 예방에 도움이 된다,
ui_dementia_quiz_2_explain,,,"If you train your cognitive abilities diligently, it can help prevent dementia!",,"인지훈련을 열심히하면 치매 예방에 도움이 돼요!""",
ui_dementia_quiz_2_summary,,,Cognitive training can prevent dementia. ,,인지훈련으로 치매 예방이 가능해요.,
ui_dementia_quiz_3,,,Women are more likely to develop dementia compared to men,,여자가 남자보다 치매에 더 잘 걸린다,
ui_dementia_quiz_3_explain,,,It is known that women are more likely to develop dementia than men. The ratio is known to be 6.5(female):3.5(male).,,여자가 남자보다 치매에 더 많이 걸린다고 해요. 6.5(여성):3.5(남성) 비율이라고 하네요.,
ui_dementia_quiz_3_summary,,,Women are more likely to develop dementia. ,,여자가 치매에 더 잘 걸려요.,
ui_dementia_quiz_4,,,Dementia is the name of a disease.,,치매는 질병의 이름이다,
ui_dementia_quiz_4_explain,,,"Dementia is not the name of a disease, but a symptom. Just like a cold is a disease, but cough is a symptom!",,"치매는 질병의 이름이 아니라 하나의 질환입니다. 감기가 질병이라면, 기침이 질환인 것 처럼요!",
ui_dementia_quiz_4_summary,,,Dementia is not a disease. ,,치매는 질병이 아니에요.,
ui_dementia_quiz_5,,,"If forgetfulness becomes severe, it becomes dementia. ",,건망증이 심해지면 치매가 된다,
ui_dementia_quiz_5_explain,,,"It does not mean you get dementia because your forgetfulness becomes severe. If you don't remember what you ate for lunch, you may be forgetful. If you don't remember whether or not you ate lunch, you may be at risk for dementia. ",,"건망증이 심해져서 치매가 되는 건 아닙니다. 점심에 무엇을 먹었는지 기억이 안 나면 건망증, 점심을 먹었는지가 기억이 안 난다면 치매 위험이 있다고 볼 수 있습니다.",
ui_dementia_quiz_5_summary,,,Severe forgetfulness does not necessarily mean dementia.,,건망증이 심하다고 치매는 아니에요.,
ui_dementia_quiz_6,,,Smoking increases the risk of dementia by about 2 times.. ,,흡연은 치매의 위험성을 약 2배 높인다,
ui_dementia_quiz_6_explain,,,Smoking increases the risk of dementia two-fold!,,흡연은 치매의 위험을 두 배나 높인답니다!,
ui_dementia_quiz_6_summary,,,Smoking doubles the risk of dementia. ,,흡연은 치매 위험을 두 배 높여요.,
ui_dementia_quiz_7,,,Depression increases the risk of dementia by about 3 times. ,,우울증은 치매의 위험성을 약 3배 높인다,
ui_dementia_quiz_7_explain,,,Depression increases the risk of dementia by three times!,,우울증은 치매의 위험성을 세 배나 높인답니다!,
ui_dementia_quiz_7_summary,,,Dementia can increase the risk of dementia by three times. ,,우울증은 치매 위험을 세 배 높여요.,
ui_dementia_quiz_8,,,Thinking positively can affect dementia prevention. ,,긍정적으로 생각하는 것은 치매 예방에 영향을 미친다,
ui_dementia_quiz_8_explain,,,You can prevent dementia by making a habit of thinking positively!,,긍정적으로 생각하는 습관을 들이면 치매를 예방 할 수 있습니다!,
ui_dementia_quiz_8_summary,,,It is important to think positively in dementia. ,,치매는 긍정적으로 생각하는 것이 중요해요.,
ui_dementia_quiz_9,,,Getting enough sleep is not associated with dementia prevention. ,,숙면하는 것은 치매 예방과 관련이 없다,
ui_dementia_quiz_9_explain,,,"Getting enough sleep helps prevent dementia. It's not about sleeping a lot, but about sleeping well. ",,"잠을 잘 자야, 치매 예방에 도움이 됩니다. 많이 자는 게 아니라 푹 자는 것이 중요합니다.",
ui_dementia_quiz_9_summary,,,You have to sleep well to prevent dementia. ,,잠을 푹 자야 치매 예방이 돼요.,
ui_dementia_quiz_10,,,Dementia patients lose old memories first. ,,치매에 걸리면 오래된 기억부터 사라진다,
ui_dementia_quiz_10_explain,,,Dementia patients lose recent memories first. ,,치매에 걸리면 최근 기억부터 사라집니다.,
ui_dementia_quiz_10_summary,,,Dementia leads to loss of recent memory. ,,치매는 최근 기억부터 사라지게 해요.,
ui_dementia_quiz_11,,,Dementia can be funded by the government. ,,치매는 국가에서 지원 받을 수 있다,
ui_dementia_quiz_11_explain,,,"If you have dementia, you can receive long-term care insurance from the government. ",,치매에 걸리면 국가에서 지원해 주는 장기요양보험으로 요양비를 받을 수 있습니다.,
ui_dementia_quiz_11_summary,,,Dementia can receive long-term care insurance. ,,치매는 장기요양보험으로 지원 받을 수 있어요.,
ui_dementia_quiz_12,,,Medical expenses can be received from the government.,,국가로부터 요양비를 지원 받을 수 있다,
ui_dementia_quiz_12_explain,,,"In addition to dementia support, you can also receive support for general nursing care expenses. ",,"치매 뿐만 아니라, 일반 요양비도 지원받을 수 있습니다.",
ui_dementia_quiz_12_summary,,,You can receive general nursing care expenses from the long-term care insurance. ,,장기요양보험으로 일반 요양비 지원도 가능해요.,
ui_diagnosis_quiz_0,,,What season is it now? ,,지금은 무슨 계절입니까?,
ui_diagnosis_quiz_0_answers,,,"Spring, Summer, Fall, Winter",,"봄, 여름, 가을, 겨울",
ui_diagnosis_quiz_1,,,What month is it now? ,,지금은 몇 월 입니까?,
ui_diagnosis_quiz_2,,,What day is it today?,,오늘은 며칠입니까?,
ui_diagnosis_quiz_3_guide,,,Remember the pictures below for 10 seconds. ,,10초 동안 아래 그림들을 기억해 주세요,
ui_diagnosis_quiz_3,,,Choose the pictures that you just saw!,,방금 봤던 그림들을 고르세요!,
ui_diagnosis_quiz_4,,,Subtract {0} from 100,,100에서 {0}을 빼면,
ui_diagnosis_quiz_5,,,Subtract {0} from the previous answer,,이전 답에서 {0}을 빼면?,
ui_diagnosis_quiz_6,,,Choose the pictures that you have memorized again. ,,아까 외운 그림 3개를 다시 고르세요,
ui_diagnosis_quiz_7,,,What is the name of this object? ,,이것의 이름은 무엇입니까?,
ui_diagnosis_quiz_7_answers,,,"Wheel, Grape, Pencil, Scoop",,"바퀴, 포도, 연필, 국자",
ui_diagnosis_quiz_8,,,What would it look like if you see this object from the front?,,앞에서 보면 어떤 모습일까요?,
ui_diagnosis_quiz_9,,,Is this object for cleaning? ,,청소할 때 쓰는 물건입니까?,
ui_diagnosis_quiz_10,,,Is this object for eating?,,음식을 먹을 때 사용하는 물건입니까?,
ui_test_categories,,,"Response speed, visual rotation, response inhibition",,"반응속도,심상회전, 반응억제",
ui_imig_guide_0,,,A circle will appear in the middle of screen. Focus on the screen and click the button below as soon as the circle appears. ,,화면 가운데에 동그라미가 나타납니다. 화면을 집중하여 잘보고 있다가 동그라미가 나오면 재빠르게 아래에 있는 확인 버튼을 누르세요.,
ui_imig_guide_1,,,"Good job. Now a picture of a hand will appear. When the hand appears on screen, select if the hand is left or right as soon as possible. ",,잘 하셨습니다. 이번에는 손바닥 사진을 보여드릴겁니다. 화면에 손바닥이 나타나면 왼손인지 오른손인지를 빠르게 눌러주세요.,
ui_imig_guide_2,,,"Good job. Now a shape will appear. Look closely and when the triangle shape appears, quickly press the triangle. ",,잘 하셨습니다. 이번에는 화면에 도형이 나타납니다. 잘 보고 있다가 삼각형 도형이 나타나면 재빠르게 삼각형을 누르시면 됩니다.,
ui_imig_guide_3,,,"A circle will appear here. Look closely and as soon as the circle appears, press the confirm button below. ",,이곳에 원이 나타날 것입니다. 집중하여 보고 있다가 원이 나오는 즉시 아래의 확인 버튼을 누르세요.,{0} 무시
ui_imig_guide_4,,,Press the left hand button if you think the hand that appears is a left hand. ,,나타나는 손바닥이 왼손이라고 생각하면 다음의 왼손 버튼을 누르세요.,{0} 무시
ui_imig_guide_5,,,Press the triangle when the triangle shapes appear. Do not press other shapes!,,삼각형이 나올 때만 재빠르게 삼각형을 누르세요. 다른 모양의 도형은 누르지 마세요!,
ui_imig_guide_6,,,Good job. {0} will appear three times in total. It will begin now. Focus!,,잘 하셨습니다. {0}은 총 3 번 나타납니다. 이제 시작합니다. 집중하세요!,
ui_imig_guide_6_options,,,"Circle, Hand",,"원, 손바닥",
ui_start,,,"Begin, Start Smartcare",,"시작, 스마케어 시작하기",
ui_imig_guide_7,,,Great job. Begin now. Focus!,,잘 하셨습니다. 이제 시작합니다. 집중하세요!,
ui_imig_guide_comment_0,,,Press after the circle appears.,,원이 나온 후에 눌러주세요,
ui_imig_guide_comment_1,,,It's a left hand. Please be careful. ,,왼손입니다. 유의해 주세요.,
ui_imig_guide_comment_2,,,Press after the picture of hand appears. ,,손 그림이 나온 후에 눌러주세요,
ui_imig_guide_comment_3,,,Press the triangle! ,,삼각형을 누르세요!,
ui_imig_courage_0,,,Great job. Only press the triangle!,,잘하셨습니다. 삼각형만 누르세요!,
ui_imig_result_titles,,,"Risk, High risk",,"위 험, 고도 위험",
ui_imig_result_0,,,"The result of motor imagery test indicates that you are at high risk for mild cognitive impairment. If cognitive decline continues due to mild cognitive impairment, the risk of dementia is high. Please consult with a specialist. Continuous cognitive training can alleviate mild cognitive impairment. ",,"운동 심상 테스트 결과 귀하는 경도인지장애 고도위험 추정입니다. 경도인지장애로 인지저하가 지속 될 시, 치매 위험도가 높습니다. 전문의에게 상세한 진단을 받아보세요. 꾸준한 인지훈련은 경도인지장애를 완화할 수 있습니다.",
ui_imig_result_1,,,"The result of motor imagery test indicates that you are in a risk group for mild cognitive impairment. Mild cognitive impairment is a stage in which cognitive decline progresses, but can be overcome through consistent cognitive training and lifestyle improvement. Begin training now with Smartcare's cognitive training. ",,운동 심상 테스트 결과 귀하는 경도인지장애 위험군 추정입니다. 경도인지장애는 인지저하가 진행되는 단계로 꾸준한 인지 훈련과 생활습관 개선을 통해 극복할 수 있습니다. 지금 스마케어의 인지 훈련을 통해 훈련을 진행하세요.,
ui_orientation_guide_0,,,"A calender will appear when the test begins. If you move your finger while pressing the calender, you can check the calenders of previous month and next month. ",,검사 시작 시 달력이 등장합니다. 달력을 누르신 상태에서 손가락을 움직이면 이전달과 다음 달 달력을 확인 할 수 있습니다.,
ui_orientation_guide_1,,,Move to the right while pressing on the calender. ,,달력을 누르신 상태에서 오른쪽으로 움직여 보세요.,
ui_orientation_guide_2,,,"Now, move to the left while pressing on the calender. ",,이번엔 달력을 누른 상태에서 왼쪽으로 움직여 보세요.,
ui_orientation_guide_3,,,You will find that you came back to the original calender. ,,다시 원래 달력으로 돌아오신 것을 확인할 수 있습니다.,
ui_orientation_day_of_week,,,"Sunday, Monday, TuesDay, Wednesday, Thursday, Friday, Saturday",,"일요일, 월요일, 화요일, 수요일, 목요일, 금요일, 토요일",
ui_orientation_quest_0,,,What month and day is {0} from today?,,오늘로부터 {0}는 몇 월 몇 일 입니까?,
ui_orientation_quest_options,,,"A week later, ten days ago, two weeks later, 3 days later, 5 days ago, ten days later, one week later, ten days ago",,"일주일 후, 열흘 전, 보름 후, 3일 후, 5일 전, 열흘 후, 일주일 후, 열흘 전",
ui_orientation_quest_1,,,How many days are left in this month?,,이번 달은 며칠이 남아있나요?,
ui_orientation_result_0,,,The result of orientation test indicates that your cognitive state is normal. Maintain healthy brain through various cognitive training provided by the Smartcare. ,,지남력 테스트 결과 귀하의 인지 상태는 정상 추정입니다. 스마케어가 제공하는 다양한 인지 훈련을 통해 건강한 뇌를 유지하세요!,
ui_orientation_result_1,,,"The result of orientation test indicates that you are at risk for mild cognitive impairment. Mild cognitive impairment is a stage in which cognitive decline progressess, but can be overcome through consistent cognitive training and lifestyle improvement. Begin training now with Smartcare's cognitive training. ",,지남력 테스트 결과 귀하는 경도인지장애 위험군 추정입니다. 경도인지장애는 인지저하가 진행되는 단계로 꾸준한 인지 훈련과 생활습관 개선을 통해 극복할 수 있습니다. 지금 스마케어의 인지 훈련을 통해 훈련을 진행하세요.,
ui_orientation_result_2,,,"The result of orientation test indicates that you are at high risk for mild cognitive impairment. If cognitive decline continues due to mild cognitive impairment, the risk of dementia is high. Please consult with a specialist. Continuous cognitive training can alleviate mild cognitive impairment. ",,지남력 테스트 결과 귀하는 경도인지장애 고도위험 추정입니다.경도인지장애로 인지저하가 지속될 시 치매 위험도가 높습니다. 전문의에게 상세한 진단을 받아보세요. 꾸준한 인지훈련은 경도인지장애를 완화할 수 있습니다.,
ui_game_tutorial_quit,,,Do you want to end the practice mode? ,,연습모드를 종료하시겠습니까?,
ui_game_select_level,,,Please select the difficulty level. ,,난이도를 선택해 주세요,
ui_game_result_labels,,,"Continue playing game, Play a different game",,"게임 계속 하기, 다른 게임 하기",
ui_game_tutorial_status,,,"Practice mode, Skip",,"연습모드, 넘어가기",
ui_game_need_ability,,,This game requires following abilities.,,이 게임은 아래의 능력을 요합니다.,
ui_game_start_labels,,,"Game explanation, Begin, Ready",,"게임 설명, 시작 하기, 준비",
ui_game_ability_format,,,This game activates brain's {0} and helps with {1},,이 게임은 뇌의 {0}을 자극하여 {1}에 도움을 줍니다.,
ui_game_ability_0,,,"Temporal and frontal lobe, improving memory",,"측두엽과 전두엽, 기억력 향상",
ui_game_ability_1,,,"Frontal and posterior lobe, improving attention",,"전두엽과 후두엽, 집중력 향상",
ui_game_ability_2,,,"Temporal and frontal lobe, improving language skills",,"측두엽과 전두엽, 언어력 향상",
ui_game_ability_3,,,"Frontal lobe, improving calculation skills",,"전두엽, 계산력 향상",
ui_game_ability_4,,,"Temporal lobe, improving processing speed",,"측두엽, 처리속도 향상",
ui_game_ability_5,,,"Parietal lobe, improving spatial perception skill ",,"두정엽, 공간지각능력 향상",
ui_game_ability_6,,,"Parietal lobe, improving attention",,"두정엽, 집중력 향상",
game_memory_spell,,,"A, B, C, D, E, F, G, H, I",,"가, 나, 다, 라, 마, 바, 사, 아, 자",
game_memory_guide_0,,,Please remember the number and alphabet in order and press them in order. ,,숫자와 한글을 순서대로 기억한 후 차례대로 눌러주세요.,
game_memory_guide_1,,,Welcome to 'Memory Pang Pang'!,,메모리팡팡에 오신 것을 환영합니다!,
game_memory_guide_2,,,Please remember the location of numbers from 1 to 3. ,,1 부터 3 까지의 숫자의 위치를 기억하세요.,
game_memory_guide_3,,,"If you are done memorizing, please click 'Begin' button. ",,다 외웠으면 '시작'버튼을 눌러주세요.,
game_memory_guide_4,,,Please press the numbers that you just memorized in order. ,,방금 외운 숫자를 차례대로 눌러주세요.,
game_memory_guide_5,,,Please remember the location of alphabets from 'A' to 'D',,가'부터 '라'까지의 글자의 위치를 기억하세요,
game_memory_guide_6,,,"If you are done memorizing, please click 'Begin' button. ",,다 외웠으면 '시작'버튼을 눌러주세요.,
game_memory_guide_7,,,Please press the alphabets that you just memorized in order. ,,방금 외운 글자를 차례대로 눌러주세요.,
game_attention_guide_0,,,"If the picture or the color of alphabet above matches the meaning of the word below, press 'O,' if not, press 'X.'",,"위에 있는 그림 또는 글자의 색깔이 아래에 있는 글자의 뜻과 일치하면 'O', 일치하지 않으면 'X'를 눌러주세요.",
game_attention_guide_1,,,Welcome to 'Colorful OX'!,,알록달록 OX 에 오신것을 환영합니다!,
game_attention_guide_2,,,Does the color of the picture above matches the meaning of the word below?,,위 그림의 색깔이 아래 단어의 뜻과 일치하나요?,
game_attention_guide_3,,,What about now?,,이런 경우는 어떤가요?,
game_attention_color,,,"Red, Yellow, Green, Blue",,"빨 강, 노 랑, 초 록, 파 랑",
game_language_guide_0,,,Please click the correct name looking at the picture. ,,그림을 보고 알맞은 이름을 눌러주세요.,
game_language_guide_1,,,Welcome to 'Figure out the name',,이름 알아 맞추기에 오신 것을 환영합니다.,
game_language_guide_2,,,"Find the word that matches the picture, and press in order. ",,그림의 뜻에 맞는 글자를 찾아 순서대로 눌러주세요.,
game_language_guide_3,,,"If you have pressed the wrong word, please press the same word again. ",,글자를 잘못 눌렀을 경우 해당 글자를 다시 눌러주세요.,
game_language_tutorial,,,"Bag, Hat, Shoes",,"가, 모, 자, 방, 신, 발",
game_calculation_guide_0,,,Look at the numbers and click the answer after adding or subtracting. ,,숫자를 보고 더하기와 빼기를 한 뒤 답을 눌러주세요.,
game_calculation_guide_1,,,Welcome to 'Add/Subtract',,더하기 빼기에 오신것을 환영합니다.,
game_calculation_guide_2,,,Calculate the equation inside the cloud.  ,,구름 안의 식을 연산하세요.,
game_calculation_guide_3,,,"After clicking on the answer, please press the 'next question' button. ",,정답을 누른뒤에는 꼭 '다음문제' 버튼을 눌러주세요,
game_perceptivity_guide_0,,,Find a leaf that is different in shape. ,,모양이 다른 한 가지 나뭇잎을 찾아주세요.,
game_perceptivity_guide_1,,,Welcome to 'Find the different shape' ,,다른 모양 찾기에 오신것을 환영합니다.,
game_perceptivity_guide_2,,,Only one of the leaves has a different shape. ,,한 개의 잎만 모양이 다릅니다.,
game_perceptivity_guide_3,,,Look closely. ,,잘 살펴보세요.,
game_perceptivity_guide_4,,,It is now covered. ,,이제 가려집니다.,
game_perceptivity_guide_5,,,Do you remember where the different leaf is? ,,방금 기억한 다른 잎이 어디에 있었나요?,
game_perceptivity_guide_6,,,"Now, you have to find it in time. ",,이번에는 시간 안에 찾으셔야 합니다.,
game_perceptivity_guide_7,,,Look closely when the different leaf appears. ,,다른 잎이 나오는 부분을 잘 살펴보세요.,
game_perceptivity_guide_8,,,It is now covered. ,,이제 가려집니다.,
game_perceptivity_guide_9,,,Choose the area where the different leaf appeared. ,,방금 기억한 다른 잎이 나타났던 부분을 골라주세요.,
game_gostop_guide_0,,,Remember the card that you have and choose the card that you can get. ,,내가 가진 패를 기억한 뒤에 내 패로 먹을 수 있는 패를 선택해주세요.,
game_gostop_guide_1,,,Welcome to 'Which card should I get?',,무슨 패를 먹을까에 오신 것을 환영합니다.,
game_gostop_guide_2,,,Remember the card that you are holding. ,,손에 쥐고 있는 패를 기억하세요,
game_gostop_guide_3,,,Did you remember?,,기억하셨나요?,
game_gostop_guide_4,,,"Now, I will show you the cards on the floor. ",,이제 바닥에 깔린 패를 보여드립니다.,
game_gostop_guide_5,,,Remember the card that you were holding and choose the card that you can get. ,,손에 쥐고 있던 패로 먹을 수 있는 패를 고르세요.,
game_compare_guide_0,,,Choose an animal that is bigger in size. ,,실제로 더 큰 동물을 선택해주세요.,
game_compare_guide_1,,,Welcome to 'Who's bigger?' ,,누가 더 클까? 에 오신 것을 환영합니다.,
game_compare_guide_2,,,Choose an animal that is bigger in real size regardless of the size of the picture. ,,사진 크기와 상관없이 실제로 더 큰 동물을 골라주세요.,
game_baduk_guide_0,,,Remember the location of the black stone and click on it. ,,검은 돌의 위치를 기억하고 눌러주세요.,
game_baduk_guide_1,,,Welcome to 'Find the black stone!' ,,검은 돌을 찾아라! 에 오신 것을 환영합니다.,
game_baduk_guide_2,,,Remember where the black stone is. ,,검은 바둑돌이 어디 있는지 기억하세요.,
game_baduk_guide_3,,,It will now disappear. Please find the black stone that you just remembered. ,,이제 사라집니다. 방금 기억한 검은 돌을 찾아주세요.,
game_baduk_guide_4,,,There will be more stones now. Remember where black stones are! ,,점점 더 많아 집니다. 검은 바둑돌이 어디 있는지 기억하세요!,
game_baduk_guide_5,,,It will now disappear. Please find the black stone that you just remembered. ,,이제 사라집니다. 방금 기억한 검은 돌을 찾아주세요.,
game_baduk_guide_6,,,Remember the location of the black stone. ,,검은 돌의 위치를 기억하세요,
game_hand_guide_0,,,Look at the shape of the hand carefully and guess whether it is left or right hand.,,손의 모양을 잘 보고 왼손인지 오른손인지 맞춰주세요.,
game_hand_guide_1,,,"Welcome to 'Which hand is it?"" ",,어느쪽 손일까? 에 오신 것을 환영합니다,
game_hand_guide_2,,,"The turntable is spinning. When it stops spinning, focus on the picture!",,회전판이 돌아갑니다. 회전이 멈추면 그림에 집중하세요!,
game_hand_guide_3,,,Is the stopped hand the left hand or the right hand? ,,멈춘 손 모양이 왼손일까요? 오른손일까요?,
game_hand_guide_4,,,Now the angle of the hand will be different. ,,이제 손의 각도가 달라집니다.,
game_hand_direction,,,"Left hand, Right hand ",,"왼손, 오른손",
game_jewel_guide_0,,,Look carefully at the types and numbers of jewels passing and dig up the appropriate ones. ,,지나가는 보석의 종류와 개수를 잘 보고 알맞은 보석을 캐 주세요.,
game_jewel_guide_1,,,Welcome to the 'Let's dig for gems' game,,보석을 캐자에 오신 것을 환영합니다.,
game_jewel_guide_2,,,A cart with jewels is passing. Focus on the jewels. ,,보석을 담은 수레가 지나갑니다. 보석에 집중하세요,
game_jewel_guide_3,,,Did you see the shape and number of jewels? Dig up the jewels that you just saw. ,,보석의 모양과 개수를 잘 보셨나요? 방금 본 보석을 캐주세요,
game_direction_guide_0,,,There is only one picture that is facing the other way. Please find it and click on it. ,,한 가지만 보고 있는 방향이 다릅니다. 찾아서 클릭해주세요.,
game_direction_guide_1,,,Welcome to the 'Find the different direction!' ,,다른 방향을 찾아라! 에 오신 것을 환영합니다.,
game_direction_guide_2,,,Look carefully at the pictures on the board. Only one of them is different in direction. ,,칠판의 그림을 잘 보세요. 이 중 하나의 그림만 방향이 다릅니다.,
game_direction_guide_3,,,Rotate the pictrures in your head so that they stand upright. Which picture is facing the other way? ,,그림들을 머릿속으로 회전시켜 똑바로 세워주세요. 어떤 그림이 다른 쪽을 보고있나요?,
game_direction_guide_4,,,Now the pictures will change. ,,이제 그림이 달라집니다.,
game_direction_labels,,,"Answer, Direction",,"답, 방향",
game_word_guide_0,,,"Complete the word by pressing the consonants and vowels in order. However, the color of the letters must match. ",,"단어의 자음과 모음을 순서대로 눌러 단어를 완성해 주세요. 단, 글자의 색깔까지 일치해야 합니다.",
game_word_guide_1,,,Welcome to the 'Word catch' game. ,,단어 잡기 게임에 오신 것을 환영합니다.,
game_word_guide_2,,,Complete the words written on the sign by combining consonants and vowels. ,,자음과 모음을 조합하여 팻말에 적힌 단어를 완성해주세요.,
game_word_guide_3,,,"When the hole opens, words will appear. Click on them before they disappear!",,구멍이 열리면 글자들이 나타나요. 사라지기 전에 빠르게 눌러주세요!,
game_word_guide_4,,,"If you are wrong, it will start over from the beginning of the syllable that you were guessing. ",,틀릴 경우 맞추던 음절의 처음부터 다시 시작합니다.,
game_order_menu,,,"Coke, Cider, Grape juice, Orange juice, Strawberry juice, Jajangmyeon, Omelet, Spaghetti, Ricecake dumpling soup, Bibimbap,
Jjambbong, Kimchi stew, Pork belly, Chicken, Yukgaejang, Fried rice, Donkatsu, Janchi noodles, Sushi, Makguksu, Tteokbokki, Gimbap, Fried food, Bindaetteok, Bossam,
Sundae, Udon, Bone haejangguk, Japchae, Jokbal, Fish cake, Ramen, Kimchi dumpling, Bulgogi, Sundae soup, Fried dumpling, Rice soup, Noodle, Kimchi pancake, Naengmyeon,
Meat dumplings, Rice balls, Sujebi, Squid sundae, Bibim naengmyeon",,"콜라, 사이다, 포도주스, 오렌지주스, 딸기주스, 짜장면, 오므라이스, 스파게티, 떡만두국, 비빔밥,
짬뽕, 김치찌개, 삼겹살, 치킨, 육개장, 볶음밥, 돈까스, 잔치국수, 초밥, 막국수, 떡볶이, 김밥, 튀김, 빈대떡, 보쌈,
순대, 우동, 뼈해장국, 잡채, 족발, 어묵, 라면, 김치만두, 불고기, 순대국, 군만두, 국밥, 칼국수, 김치전, 물냉면,
고기만두, 주먹밥, 수제비, 오징어순대, 비빔냉면",
game_order_guide_0,,,Please read the bill carefully and pay for the food. ,,계산서를 잘 보고 음식 값을 계산해주세요.,
game_order_guide_1,,,Busy lunch time! Please check the bill and calculate quickly. ,,바쁜 점심시간! 주문서를 보고 빠르게 계산해주세요.,
game_order_guide_2,,,Add up the cost of the food and remember it. ,,음식 값을 모두 더한 후 기억해주세요,
game_order_guide_3,,,"Now, look carefully at the discount amount. ",,이번엔 할인 금액을 잘 살펴보세요,
game_order_guide_4,,,Subtract the discount amount from the cost of the food you just calculated. How much is the total?,,아까 계산한 음식 값에서 할인 금액을 빼 주세요. 총 얼마인가요?,
game_order_discount_0,,,Free beverage provided,,음료수 무료 서비스 제공,
game_order_discount_1,,,Openning sale ,,오픈기념 할인,
game_order_money_unit,,,Won,,원,
game_order_discount_2,,,Takeout order discount,,포장 주문 할인,
game_opt_sprite_labels,,,"Doctor, House, Flower, Dog",,"닥터, 집, 꽃, 개",
game_opt_guide_0,,,Please look carefully at the direction the doctor is looking and choose the location of the object. ,,닥터가 바라보는 방향을 잘 보고 사물의 위치를 선택해주세요.,
game_opt_guide_1,,,You are strolling the neighborhood. You see many things! ,,동네를 산책하며 천천히 걷고 있어요. 많은 것들이 보이네요!,
game_opt_guide_2,,,The doctor is looking at the house. ,,닥터가 집을 바라보고 있다고 생각해보세요.,
game_opt_guide_3,,,"When the doctor is looking at the flower, where is the house? ",,"닥터가 꽃을 바라보고 있을 때, 집은 어디에 있을까요?",
game_opt_guide_4,,,"Where on the four sides of the circle will the dog be? When you are ready, click Next. ",,그 때 개는 원의 네 면 중 어디에 있을까요? 준비가 되셨으면 다음을 눌러주세요.,
game_opt_guide_5,,,"When the doctor is looking at {0}, which side the {1} be?",,"닥터가 {0}을 바라보고 있을 때, {1}은 어느 쪽에 있을까요?",
game_opt_guide_6,,,"Reference point, doctor location, target location ",,"기준점 위치, 의사 위치, 대상 위치",
game_matching_guide_0,,,There are two identical pictures. Find the identical pictures and click on them. ,,서로 같은 그림이 두 장씩 있습니다. 같은 그림을 찾아 눌러주세요.,
game_matching_guide_1,,,Look at the pictures carefully. There are two identical pictures. ,,그림을 잘 보세요. 똑같은 그림이 두 장씩 있습니다.,
game_matching_guide_2,,,"If you are done memorizing the locations of all the pictures, click the 'Begin' buttom below.",,그림의 위치를 다 외웠으면 아래 '시작하기' 버튼을 눌러주세요,
game_matching_guide_3,,,Please find and press the cards with the same picture.,,같은 그림의 카드를 찾아 눌러주세요,
game_matching_guide_4,,,"If you don't remember the picture you first saw, click 'View Hint' below. ",,처음 봤던 그림이 생각나지 않을 땐 아래의 '힌트보기'를 눌러주세요.,
game_matching_guide_5,,,Find the other two pairs of pictures. ,,다른 두 짝의 그림도 마저 찾아주세요.,
game_proverb_guide_0,,,Choose the correct word to complete the given proverb. ,,"알맞은 단어를 골라, 주어진 속담을 완성해주세요.",
game_proverb_guide_1,,,Welcome to the 'Complete the proverb' game. ,,속담 완성하기 게임에 오신 것을 환영합니다.,
game_proverb_guide_2,,,Find a word that fills in the blank space to complete the proverb. ,,빈 칸에 들어갈 단어를 골라 속담을 완성해주세요.,
game_proverb_guide_3,,,"If you click the wrong answer, you will lose a heart! If you are out of the hearts, the game is over. ",,틀린 답을 누르면 하트가 사라져요! 하트가 모두 소진되면 게임이 끝납니다.,
game_proverb_guide_4,,,Great job. Please fill in the next blank space. ,,잘 하셨습니다. 계속해서 다음 빈칸을 채워주세요.,
game_proverb_guide_5,,,"Well done. Once you've finished all the questions, you can check the meaning of the proverb. ",,잘 하셨습니다. 모든 문제가 끝나면 속담의 뜻을 확인할 수 있어요.,
game_proverb_guide_6,,,Good job. Now for the real problem. ,,잘 하셨습니다. 이제 실전 문제입니다.,"{0}, {1} 무시"
game_proverb_guide_7,,,Press the button only when you see the target. ,,목표 대상이 나타날 때만 버튼을 눌러주세요.,
game_push_categories,,,"Car, Bicycle, Object, Vehicle, Animal",,"자동차, 자전거, 사물, 탈 것, 동물",
game_push_targets,,,"Car, Biycycle, Airplane, Ship, Motorcycle, Tiller, Bus, Dog, Rabbit, Cat, Tiger, Chicken, Bear, Pig, Cow, Sheep, Squirrel, Turtle, Duck, Chair, Desk, Bed, Sofa, ag, Cup, Cleaner",,"자동차, 자전거, 비행기, 배, 오토바이, 경운기, 버스, 강아지, 토끼, 고양이, 호랑이, 닭, 곰, 돼지, 소, 양, 다람쥐, 거북이, 오리, 의자, 책상, 침대, 소파, 가방, 컵, 청소기",
game_push_guide_0,,,Press the button only when {0} appears!,,{0}이(가) 나올때만 버튼을 눌러주세요!,
game_push_guide_1,,,Press the button only when you see the target. ,,목표 대상이 나타날 때만 버튼을 눌러주세요.,
game_push_guide_2,,,Welcome to the 'Press the button!' game. ,,버튼을 눌러라! 게임에 오신것을 환영합니다.,
game_push_guide_3,,,"From now on, pictures of cars and dogs will appear one after another. ",,지금부터 자동차와 강아지 사진이 차례로 나옵니다,
game_push_guide_4,,,Press the button only when a car appears. ,,자동차가 나올때만 버튼을 눌러주세요!,
game_push_guide_5,,,Great job! Don't press the button when a dog appears!,,잘 하셨습니다! 강아지가 나올때는 버튼을 누르지 마세요!,
game_push_guide_6,,,Well done. Let's try again. ,,잘 하셨습니다. 다시 한번 해보겠습니다.,
game_push_guide_7,,,Great job! Don't press the button when a dog appears!,,잘 하셨습니다! 강아지가 나올때는 버튼을 누르지마세요!,
game_push_guide_8,,,Good job. Now for the real problem. ,,잘 하셨습니다. 이제 실전 문제입니다.,
game_push_guide_9,,,Don’t press the button when a dog appears!,,강아지가 나올 땐 버튼을 누르시면 안되요!,
game_who_is_it_questions,,,"Age, Occupation, Hobbies, Number of children, Name, Gender, Background",,"나이, 직업, 취미, 자녀수, 이름, 성별, 배경",
game_who_is_it_guide_0,,,What is wrong about {0}? What is correct about {0}?,,"{0}씨에 대해 틀린 것은?, {0}씨에 대해 맞는 것은?",
game_who_is_it_guide_1,,,Welcome to the 'Who is it?' game. ,,누구일까요? 게임에 오신 것을 환영합니다.,
game_who_is_it_guide_2,,,Remember the age and occupation of the person. ,,"인물의 나이, 직업을 기억해 주세요.",
game_who_is_it_guide_3,,,Shall we solve the problem? ,,이제 문제를 풀어볼까요?,
game_who_is_it_guide_4,,,Good job. How about this game? ,,잘 하셨습니다. 그렇다면 이런 게임은 어떨까요?,
game_who_is_it_guide_5,,,"Remember the age, occupation, hobbies of the person. ",,"인물의 나이, 직업, 취미를 기억해 주세요",
game_who_is_it_guide_6,,,Shall we solve the problem? ,,이제 문제를 풀어볼까요?,
game_who_is_it_guide_7,,,Good job. Now for the real problem. ,,잘 하셨습니다. 이제 실전 문제입니다.,
game_who_is_it_guide_8,,,Remember the correct information and solve the problem. ,,올바른 정보를 기억하여 문제를 맞춰 주세요.,
game_where_is_it_guide_0,,,Welcome to the 'Where is it?' game. ,,어디에 있을까 게임에 오신 것을 환영합니다.,
game_where_is_it_guide_1,,,This problem is to select all objects used in the places that appear on the screen. ,,화면에 나타나는 장소에서 쓰이는 물체를 모두 고르는 문제입니다.,
game_where_is_it_guide_2,,,Select all the items used in the place you just saw. ,,방금 보셨던 장소에서 쓰이는 물건을 모두 선택하세요.,
game_where_is_it_guide_3,,,Items will become invisible after a certain amount of time. Focus!,,물건은 일정시간이 지나면 볼 수 없습니다. 집중하세요!,
game_where_is_it_guide_4,,,Shall we solve the problem? ,,이제 문제를 풀어볼까요?,
game_where_is_it_guide_5,,,Good job. Now for the real problem. ,,잘 하셨습니다. 이제 실전 문제입니다.,
game_where_is_it_guide_6,,,Choose an appropriate object for the situation. ,,주변 상황에 알맞은 물건을 골라주세요.,
game_where_is_it_outdoor,,,"Chicken, Tree, Bicycle, Pot, Broom, Firewood, Shovel, Cultivator, Gate",,"닭, 나무, 자전거, 장독대, 빗자루, 장작, 삽, 경운기, 대문",
game_where_is_it_kitchen,,,"Frying pan, Spoon, Refrigerator, Sink, Pot, Rubber gloves, Knife, Ladle, Spatula",,"프라이팬, 숟가락, 냉장고, 싱크대, 냄비, 고무장갑, 칼, 국자, 뒤집개",
game_where_is_it_restroom,,,"Toothpase, Toilet, Towel, Toothbrush, Sink, Washboard, Dish towel, Razor, Toilet paper",,"치약, 변기, 수건, 칫솔, 세면대, 빨래판, 때수건, 면도기, 휴지",
scene_intro_0,,,It is loading. Please wait. ,,로딩 중 입니다. 잠시만 기다려주세요.,
scene_intro_1,,,In preparation. ,,준비 중 입니다,
scene_intro_2,,,Thank you for using the Smartcare. ,,스마케어를 이용해주셔서 감사합니다.,
scene_intro_3,,,Those who writes a review can use all paid games for 30 days. Would you like to write a review now? ,,평가를 남겨주신 분들은 모든 유료게임을 30일동안 이용하실수있어요. 지금 남기시겠습니까?,
scene_splash_0,,,You will find various contents for preventing dementia. ,,치매 예방을 위한 다양한 콘텐츠를 만나 볼 수 있습니다.,
scene_splash_1,,,This program was developed in collaboration between the Catholic University Hospital Big Data Center research team and the cognitive psychology research team. ,,가톨릭 대학병원 빅데이터 센터 연구진과 인지심리 연구팀이 협력하여 개발한 프로그램입니다. ,
scene_exit,,,"Click once more to exit, Click once more to go to the login page, Click once more to go to the main page. ",,"한 번 더 누르시면 종료합니다, 한 번 더 누르시면 로그인 페이지로 이동합니다, 한 번 더 누르시면 메인으로 이동합니다",
scene_main_0,,,"Exam·Training, Dementia Self-diagnosis, Dementia Prevention Training, Check Result, Learn about Dementia, Dementia OX Quiz, Learn about the Types of Dementia, Learn about the Criteria of Dementia",,"검사·훈련, 치매 자가 진단, 치매 예방 훈련, 결과 보기, 치매 알기, 치매 OX 퀴즈,  치매 종류 알기, 치매 기준 알기",
scene_main_1,,,"You can enjoy new trainings and 5 areas of dementia prevention training whenever, wherever. ",,새로운 훈련들과 5가지 영역의 치매 예방 훈련을 언제 어디서나 즐기실 수 있습니다.,
scene_main_2,,,Experience the training,,훈련 체험하기,
scene_main_3,,,"Smartcare Pass, Lifetime Pass",,"스마케어 이용권, 평생 이용권",
scene_main_4,,,"Receive points, Check pass",,"포인트 받으러 가기,이용권 보러가기",
scene_main_5,,,"Points, My Smartcare pass ",,"포인트, 나의 스마케어 포인트",
scene_main_6,,,"Announcements, Settings, My information, Edit, Sound/Vibration, Unsubscribe, Homepage, Terms of use, Privacy Policy",,"공지사항, 설정, 내 정보, 수정, 소리/진동, 탈퇴하기, 홈페이지, 이용약관, 개인정보취급방침",
scene_main_7,,,Enjoy games unlimited. ,,모든 게임을 제한 없이 즐기세요,
scene_main_8,,,You are a paid member ,,회원님은 유료회원 입니다,
scene_main_9,,,Check remaining period,,남은 기간 확인하기,
scene_main_10,,,DigitalPharm,,디지털팜,
scene_main_11,,,Payment date ,,결제일,
scene_main_12,,,"Basic information, No registered information ",,"기본정보, 등록된 정보 없음",
scene_main_13,,,"Change my information, Change password, Change terms of use ",,"내 정보 변경하기, 비밀번호 변경하기, 정보제공동의 변경하기",
scene_main_14,,,"Edit my information, Save, Name, Nickname, Gender, Date of birth, Highest level of education, Phone number, Email address",,"내 정보 수정, 저장하기, 이름, 닉네임, 성별, 출생년도, 최종학력, 휴대폰 번호, 이메일 주소",
scene_main_15,,,You can receive a comprehensive cognitive report by email. ,,종합인지보고서를 메일로 받으실 수있습니다  ,
scene_main_16,,,"Select your highest level of education, Please tell us how much education you have received, All users",,"최종학력 선택, 교육받은 정도를 알려주세요, 전체 이용자",
scene_main_17,,,"ID, Current password, New password, Create password, Check password",,"아이디, 현재 비밀번호, 새 비밀번호, 비밀번호 생성, 비밀번호 확인, ",
scene_main_18,,,You can collect Smartcare points and partcipate in various events. ,,스마케어 포인트를 모아서 다양한 이벤트에 참여 하실 수 있습니다.,
scene_main_19,,,Use points,,포인트 사용하기,
scene_main_20,,,"Dementia self-diagnosis, View past results",,"치매 자가 진단, 지난검사 결과보기",
scene_main_21,,,"Digital brain screening, It is a dementia screening test using MMSE-K",,"디지털 브레인 스크리닝, MMSE-K를 활용한 치매 선별 검사입니다",
scene_main_22,,,"Motor imagery test, This is a motor imagery test. ",,"운동 심상 검사, 운동심상 검사입니다, ",
scene_main_23,,,"Orientation test, This is a date orientation test. ",,"지남력 검사, 날짜 인지능력 검사입니다",
scene_main_24,,,What is Digital Brain Screening? DBS is a dementia self-diagnosis test that can simply measure the level of cognitive decline. Shall we get started? ,,"디지털 브레인 스크리닝은?, DBS는 치매 자가진단 검사로써 인지 저하의 수준을 간단하게 측정할 수 있는 검사입니다. 그럼 한번 시작해볼까요?",
scene_main_25,,,What is Motor imagery test? Motor imagery is a brain activity that involves imagining moving images in your mind. This test can be used to predict the degree of cognitive decline. ,,"운동 심상 검사란?, 운동심상(Motor imagery)이란 움직이는 이미지를 마음속으로 상상하는 두뇌활동 입니다. 본 검사를 통해 인지 저하 정도를 예측할 수 있습니다.",
scene_main_26,,,"What is Orientation test? Orientation is an ability to correctly recognize time, place, situation or environment, and is the ability that is most significantly reduced when cognitive function declines. It determines the decline in orientation.",,"지남력 검사란?, 지남력은 시간과 장소 또는 상황이나 환경을 올바르게 인식하는 능력으로 인지기능 저하시 가장 두드러지게 감소하는 능력입니다. 지남력의 저하여부를 판단합니다.",
scene_main_27,,,"View result, Dementia self-diagnosis result, Dementia prevention training result, Comprehensive brain cognitive report, My training result",,"결과 보기, 치매 자가 진단 결과, 치매 예방 훈련 결과, 두뇌인지종합보고서, 나의 훈련 결과",
scene_main_28,,,Shall we look at the results of your training? We will analyze the results from various aspects. ,,여러분이 하신 훈련 결과를 한번 살펴볼까요? 다방면으로 결과를 분석해드립니다.,
scene_main_29,,,Various training programs are available. Shall we work hard on our brain exercise today? ,,"다양한 훈련이 준비되어 있습니다, 오늘도 두뇌운동을 열심히 해볼까요?",
scene_main_30,,,"Dementia prevention training, Today's training, Work on a variety of training every day",,"치매 예방 훈련, 오늘의 훈련 하기, 매일매일 다양한 훈련을 진행하세요",
scene_main_31,,,"The Smartcare Terms of Use, Personal information collection and use of consent ",,"스마케어 이용약관, 개인정보 수집·활용 동의서, ",
scene_main_32,,,,,,
scene_main_33,,,,,"스마케어(이하 '스마케어') 는 정보통신망 이용촉진 및 정보보호 등에 관한 법률, 개인정보보호법, 통신비밀보호법, 전기통신사업법 등 정보통신서비스제공자가 준수하여야 할 관련 법령상의 개인정보보호 규정을 준수하며, 관련 법령에 의거한 개인정보처리방침을 정하여 '회원'의 권익 보호에 최선을 다하고 있습니다. 
'스마케어'는 '회원'의 개인정보를 보호하고 개인정보와 관련한 '회원'의 고충을 원활하게 처리할 수 있도록 개인정보처리방침을 제정?시행하며, '스마케어'가 개인정보처리방침을 개정하는 경우 '앱(App)'의 별도의 공간을 통하여 공지합니다.

제 1조 개인정보의 수집 및 이용 목적
'스마케어'는 '회원'의 동의가 있거나 법령의 규정에 의한 경우를 제외하고는 본 조에서 고지한 범위를 넘어 '회원'의 개인정보를 활용하지 않습니다. 수집한 개인정보 활용의 목적은 아래와 같습니다.

1. 회원관리 : 아이디/비밀번호 찾기, 개인 식별, 불량 회원의 부정 이용 방지와 비인가 사용 방지, 가입 의사 확인, 추후 법정 대리인 본인확인, 분쟁 조정을 위한 기록보존, 연령확인, 불만처리 등 민원 상담 처리, 고지사항 등 최신 정보 전달 등
2. 데이터분석 : 스마케어는 사용자의 인지상태 진단 및 질병 발생 위험군의 관리를 위하여 어플리케이션 내부에 포함된 아래의 개인정보를 수집하여 데이터 분석에 활용하고 있습니다.
3. 마케팅 및 광고에 활용: 신규 서비스(제품) 개발 및 특화, 이벤트 등 광고성 정보 전달, 인구 통계학적 특성에 따른 서비스 제공 및 광고 게재, 접속 빈도 파악 또는 '회원'의 서비스 이용에 대한 통계 등
4. 사고발생시 원인 규명 및 처리를 위한 수집 및 이용

제 2조 개인정보의 수집 목적 및 항목

1. 수집하는 개인정보의 항목
 - 수집항목 : 회원가입 시 제공한 성명, 연령, 성별, 이메일, 전화번호, 단말기 등 개인정보
 
2. 개인정보 수집방법
 '스마케어'는 다음과 같은 방법으로 개인정보를 수집합니다.
  - 스마케어 어플내의 컨텐츠 이용을 통한 회원 가입 및 정보 수정
   - 이벤트 경품 응모, 배송 요청
   - 제휴사로부터의 제공 (추후적용)
  - 생성정보 수집 툴을 통한 자동 수집 (추후적용) 
      
제 3조 개인정보의 보유 및 이용기간
'스마케어'는 '회원'이 회원자격을 유지하고 있는 동안 수집된 '회원'의 개인정보를 보유?이용할 수 있으며, '회원'이 탈퇴하거나 자격을 상실할 경우에는 '회원'의 별도 요청이 없더라도 수집된 회원정보를 삭제 및 파기합니다. 
단, '회원'의 탈퇴 또는 자격상실에도 불구하고 다음의 정보에 대해서는 아래의 이유로 명시한 기간 동안 보존 합니다.

1. '스마케어' 내부 규정에 의한 정보 보유

보존항목 : 아이디, 성명, 휴대전화번호
보존근거 : 휴면기간 및 재사용 본인 확인 목적
보존기간 : 12개월

2. 관계법령에 의한 정보 보유 사유

보존항목 : 계약 또는 청약철회 등에 관한 기록
보존근거 및 보존기간
 - (소비자 식별정보, 계약?청약철회 기록 등)	전자상거래 등에서의 소비자보호에 관한 법률	5년
 - 대금결제 및 재화 등의 공급에 관한 기록	전자상거래 등에서의 소비자보호에 관한 법률	5년
- 소비자의 불만 및 분쟁처리에 관한 기록	전자상거래 등에서의 소비자보호에 관한 법률	3년
 - 신용정보의 수집?처리 및 이용 등에 관한 기록	신용정보의 이용 및 보호에 관한 법률	3년
 - 웹사이트 방문기록(로그기록, IP 등)	통신비밀보호법 3개월 
 
제 4조 동의의 거부권 등
'회원'은 개인정보 수집?이용에 관한 동의를 거부할 권리가 있습니다. 다만, 컨텐츠 이용을 위해 필요한 최소한의 개인정보 수집?이용에 관한 동의를 거부하는 경우에는 
'스마케어'의 실행이 불가(본인 여부 및 계약 체결 의사 불명 이유)하고, 마케팅 활동 및 홍보를 위한 개인정보 수집?이용 또는 선택적 수집?이용에 관한 동의를 거부하는 경우에는 
이벤트, 혜택에 대한 정보를 제공받지 못하거나 사은품?판촉물 제공, 제휴서비스 이용, 할인 혜택 적용 및 포인트 적립 불가 등의 불이익이 발생할 수 있습니다.

제 5조 개인정보의 파기절차 및 방법
'스마케어'는 원칙적으로 개인정보 수집 및 이용목적이 달성된 후에는 해당 정보를 지체 없이 파기합니다. 다만, 관계법령에 따라 개인정보를 보존하여야 하는 경우에는 해당 기간 경과 후 지체없이 재생 불가능한 방법으로 파기하며, '스마케어'의 개인정보 파기절차 및 방법은 다음과 같습니다.

1. 개인정보 파기절차 
'회원'이 입력한 정보는 목적 달성 후 별도의 DB에 옮겨져(종이의 경우 별도의 서류함) 내부 규정 및 기타 관련 법령에 따라 일정기간 저장되거나 즉시 파기됩니다. 이 때, DB로 옮겨진 개인정보는 법률에 의한 경우가 아니고서는 다른 목적으로 이용되지 않습니다.

2. 개인정보 파기기한 
개인정보의 보유기간이 경과한 경우에는 그 경과한 날로부터, 개인정보의 처리 목적 달성, 해당 서비스의 폐지, 사업의 종료 등 그 개인정보가 불필요하게 된 경우에는 개인정보의 처리가 불필요한 것으로 인정되는 날로부터 각 지체 없이(정당한 사유가 없는 한 30일 이내) 해당 개인정보를 파기합니다.

- 회원가입정보의 경우 회원탈퇴 또는 회원에서 제명된 때
- 대금지급정보의 경우 대금의 완제일 또는 채권소멸 시효기간이 만료된 때 또는 대금지급으로 이용가능한 컨텐츠의 만료일 이후
- 설문조사, 이벤트 등 일시적 목적을 위하여 수집한 경우	해당 설문조사, 이벤트 등이 종료한 때

3. 개인정보 파기방법 
전자적 파일 형태의 정보는 로우레벨포맷, 와이핑 방법 등 복구 및 재생이 되지 않는 기술적인 방법을 사용합니다. 종이에 출력된 개인정보는 분쇄기로 분쇄하거나 소각을 통하여 파기합니다

제 6조 회원 및 법정대리인의 권리와 그 행사방법
'회원'은 언제든지 등록되어 있는 '회원'의 개인정보를 열람하거나 수정할 수 있으며, '스마케어'의 개인정보의 처리에 동의하지 않는 경우 동의를 거부하거나 가입해지(회원탈퇴)를 요청할 수 있습니다.
'회원'의 개인정보 조회 및 수정을 위해서는 '회원정보수정', 가입해지(동의철회)를 위해서는 '회원탈퇴'를 클릭하여 비밀번호 또는 본인확인 등의 절차를 거친 후 탈퇴가 가능합니다. 혹은 개인정보 보호 업무 담당부서에게 서면, 전화 또는 이메일로 연락하시면 지체 없이 조치하겠습니다.
'회원'이 개인정보의 오류에 대한 정정을 요청하신 경우, '스마케어'는 정정을 완료하기 전까지 당해 개인정보를 이용 또는 제공하지 않습니다. 또한 잘못된 개인정보를 제 3자에게 이미 제공한 경우에는 정정 처리결과를 제 3자에게 지체 없이 통지하여 정정이 이루어지도록 하겠습니다.
'스마케어'는 '회원'의 요청에 의해 해지 또는 삭제된 개인정보는 제 3조에 명시된 바에 따라 처리하고 그 외의 용도로 열람 또는 이용할 수 없도록 처리하고 있습니다.
만 14세 이상인 경우에만 회원 가입이 가능하며, 개인정보의 수집?이용에 법정 대리인의 동의가 필요한 만 14세 미만 아동의 개인정보는 원칙적으로 수집하지 않습니다.

제 7조 개인정보 자동수집 장치의 설치, 운영 및 그 거부에 관한 사항
'스마케어'는 '회원'이 제공한 정보 이외에 단말기 또는 통신환경등의 정보 등을 수집합니다. '스마케어'는 본 앱의 실행권한 밖에 있는 단말기의 다른 파일들에 접근할 수 없습니다. 
해당 정보르 사용 목적 및 수집 거부 방법은 다음과 같습니다.

1. 단말기 정보 등 사용 목적    
'스마케어'는 하나의 아이디를 동시에 둘 이상의 단말기에서 사용할수 없습니다 이러한 행위를 방지하는 용도로 사용합니다
'스마케어'는 '회원' 의 접속 빈도나 방문 시간 등을 분석, '회원'의 취향과 관심분야를 파악 및 자취 추적, 각종 이벤트 참여 정도 및 방문 회수 파악 등을 통한 타겟 마케팅 및 개인 맞춤 서비스를 제공하기 위해 사용합니다.
  
2. 단말기 정보 등 수집 거부 방법    
 '회원'은 개인정보 및 기타 다른정보 (단말기 정보 등) 에 대한 수집을 거부할 권리가 있으며 해당 약관을 동의 하지 않으실 경우 정보를 수집하지 않습니다
 '회원'은 이미 정보 수집에 동의 하여 가입이 되어 있을 경우 '회원탈퇴' 를 통하여 이를 거부 할 수 있습니다
 단, '회원'이 정보 수집을 거부하였을 경우 '스마케어' 이용이 불가합니다.
     
제 8조 개인정보의 제3자 제공
'스마케어' 는 '회원'의 사전 동의 없이는 동의 범위를 초과하여 이용하거나 원칙적으로 '회원'의 개인정보를 외부에 공개하지 않습니다. 다만, 아래의 경우에는 예외로 합니다.

- '회원'이 사전에 제 3자 제공에 동의한 경우
- 컨텐츠 이용을 위한요금 정산을 위하여 필요한 경우
- 법령의 규정에 의하거나, 수사, 조사 목적으로 법령에 정해진 절차와 방법에 따라 수사기관 및 감독당국의 요구가 있는 경우
- 통계작성?학술연구 또는 시장조사를 위하여 필요한 경우로서 특정 개인을 알아볼 수 없는 형태로 가공하여 제공하는 경우
- 협력회사 및 제휴사를 통해 제공되는 서비스이용에 필요한 제한된 범위내의 개인 정보 공유가 필요한 경우

제 9조 개인정보보호 업무 관련 담당부서
'스마케어'는 '회원'의 개인정보를 보호하고 개인정보와 관련한 불만을 처리하기 위하여 아래와 같이 관련 부서를 지정하고 있습니다. '회원'은 '스마케어'의 서비스를 이용하실때 발생하는 모든 개인정보보호 관련 민원을 담당부서로 신고하실 수 있습니다. '스마케어'는 '회원'의 신고사항에 대해 신속하게 충분한 답변을 드릴 것입니다.

1. 개인정보보호 업무 담당부서

구분	내용
담당부서	서비스지원팀
연락처	02-533-0711
이메일	digitalpharm@dgtpharm.com

제 10조 개인정보처리방침의 개정 및 고지
현 개인정보취급방침 내용 추가, 삭제 및 수정이 있을 시에는 개정 최소 7일전부터 '스마케어' 앱의 '마이메뉴' 창 내에 있는 '공지사항'을 통해 고지할 것입니다. 

시행일자: 2023년 7월 1일",
scene_main_34,,,"View the result of past exams, Digital Brain Screening results",,"지난검사 결과보기, 디지털 브레인 스크리닝 성적",
scene_main_35,,,"Day, Month, Week, Year",,"일, 월, 주, 년",
scene_main_36,,,View by unit,,단위로 보기,
scene_main_37,,,Score,,점,
scene_main_38,,,You have not completed the DBS screening test! You have to complete the screening test for an accurate analysis. ,,"DBS 선별검사를 완료하지 않으셨네요!, 선별검사를 완료해야 정확한 분석이 가능합니다.",
scene_main_39,,,"Go back, Begin exam",,"돌아가기, 검사 시작하기",
scene_main_40,,,Free trial game,,무료 연습 게임,
scene_main_41,,,"Memory Training, Find the black stone!, Memory Pang Pang, Which card should I get?, Let's dig for gems, Matching, Where is it?",,"기억력 훈련, 검은돌을 찾아라!, 메모리 팡팡, 무슨 패를 먹을까?, 보석을 캐자, 짝 맞추기, 어디에 있을까",
scene_main_42,,,"Language Skill Training, Complete the Proverb, Guess the Name, Word Catching ",,"언어력 훈련, 속담 완성하기, 이름 알아 맞추기, 단어 잡기",
scene_main_43,,,"Calculation Training, How much is it?, Addition/Subtraction",,"계산력 훈련, 얼마일까요?, 더하기 빼기",
scene_main_44,,,"Attention Training, Press the Button, Who am I, Colorful OX, Find Different Shape, Who is bigger? ",,"주의집중력 훈련, 버튼을 눌러라, 누구일까요, 알록달록 OX, 다른 모양 찾기, 누가 더 클까?",
scene_main_45,,,"Spatial Perception Training, Which Hand is it? Find Different Direction, Doctor's Stroll",,"공간지각력 훈련, 어느 쪽 손일까?, 다른 방향을 찾아라!, 닥터의 산책",
scene_main_46,,,There is still time remaining in the payment period. Payment history will not be restored even if you re-register after withdrawal. Do you want to cancel the membership? ,,결제기간이 남아있습니다 탈퇴 후에는 재가입해도 결제내역이 복구되지 않습니다 탈퇴하시겠습니까?,
scene_main_47,,,Do you want to cancel the membership? ,,탈퇴하시겠습니까?,
scene_main_48,,,"Consent to provide information, full consent, consent to provide third-party information for marketing purposes, provision of benefits and information via SMS, provision of benefits and information via push notifications, provision of benefits and information via email",,"정보제공동의, 전체동의, 마케팅 목적의 제 3자 정보 제공 동의, SMS를 통한 혜택 및 정보 제공, 푸시 알림을 통한 혜택 및 정보 제공, 이메일을 통한 혜택 및 정보 제공",
scene_main_49,,,"If you have not register email address, please update your email information in Change information. ",,이메일을 등록하지 않으셨다면 정보변경에서 이메일 정보를 갱신해주십시오.,
scene_main_50,,,"If you quit now, your progress will not be saved. Continue",,"지금 종료하면 진행사항이 저장되지 않습니다, 계속 진행 하기",
scene_report_0,,,"Training Results, Summary, Comparison, By Game, My Training Status, My Cognitive Ability, My Training Guide, My Training Status",,"훈련 결과, 요약, 비교, 게임별, 나의 훈련 현황, 나의 인지 능력, 나의 훈련 도감, 나의 훈련 현황",
scene_report_1,,,"Stage, Episode",,"단계, 회",
scene_report_2,,,"Today's training total time, Total training time, Number of completed training",,"금일 훈련 누적시간, 전체 훈련 누적시간, 완료 훈련 횟수",
scene_report_3,,,"If the total score exceeds 1,000 points, you will move up one stage. Try reaching a higher stage!",,"훈련 점수 합계가 1,000점이 되면 1단계씩 올라갑니다, 더 높은 단계에 도달해보세요!",
scene_report_4,,,"Out of 100 people, what rank am I?",,나는 100명 중 몇 등 일까?,
scene_report_5,,,"Me, Friends",,"나, 친구들",
scene_report_6,,,"My score, User average score",,"나의 점수, 이용자 평균 점수",
scene_report_7,,,My Smartcare brain age ,,나의 스마케어 두뇌나이,
scene_report_8,,,This item is only available for paid members. ,,본 항목은 유료회원에게 제공되는 서비스입니다,
scene_report_9,,,Buy passes,,이용권 구매하기,
scene_report_10,,,"Our Smartcare service is provided for the purpose of simple self-check/screening of cognitive function and its condition (please note that it is not intended for health checkups, confirmation, or treatment), and a cognitive program developed through collaborative research with Seoul St. Mary's Hospital of Catholic University and its faculty (a program developed based on the dementia screening tool MMSE-K and adapted for online/mobile services) is used. Even if there is positive or negative analysis or related information about the user's health condition through this service, we recommend that the user receive treatment and/or consultation from a specialist or medical institution regarding the user's health condition and health hygiene risks or concerns.",,"당사의 스마케어 서비스는 인지 기능과 그 상태에 대한 간이한 자가 점검/스크리닝 목적으로 제공되고 있고(이와 관련 건강검진, 그 확인 또는 그 치료를 위한 것이 아님을 유의하시기 바랍니다), 가톨릭대학교 서울성모병원 및 그 교수진의  협력 연구를 통하여 개발된 인지프로그램(치매선별검사 도구인 MMSE-K를 기반으로 이를 온라인/모 바일 서비스에 적합하게 개발된 프로그램)이 사용되고 있습니다. 본 서비스를 통하여 이용자의 건강상태에 대한 긍정적 또는 부정적 분석이나 관련 정보가 있는 경우에도 이용자 자신의 건강상태 및 보건 위생상의 위해 여부 또 는 그 우려에 대하여는 전문의, 의료기관의 진료 및/또는 상담을 받아보시기를 권장합니다.",
scene_report_11,,,"Training results by game, Check other training results",,"게임별 훈련 결과, 다른 훈련 결과 보기",
scene_report_12,,,"Best score, Correct answer rate, Average response time",,"최고점수, 정답률, 평균 반응 시간",
scene_report_13,,,"Select your age group, choose the age group you want to compare",,"나이대 선택, 비교하고 싶은 연령대를 선택하세요",
scene_login_0,,,"You need to log-in, Join the membership, Cellphone log-in",,"로그인이 필요합니다, 회원가입, 휴대폰 로그인",
scene_login_1,,,"ID, Please enter ID, Password, Please enter password.",,"아이디, 아이디를 입력해 주세요, 비밀번호, 비밀번호를 입력해 주세요",
scene_login_2,,,"Log-in, Join or Log-in, Find ID, Find password",,"로그인, 가입 또는 로그인, 아이디 찾기, 비밀번호 찾기",
scene_login_3,,,"Name, Phone number, Verification number, Verification",,"이름, 휴대폰 번호, 인증 번호, 인증",
scene_login_4,,,Temporary password will be sent to your phone. ,,임시 비밀번호가 핸드폰으로 발송됩니다,
scene_login_5,,,"New password, Please re-enter, Reset password",,"신규 비밀번호, 재 입력해주세요, 비밀번호 재설정",
scene_register_0,,,"If you proceed without completing the dementia self-diagnosis test, it may be difficult to give you an accurate assessment of your situation. Would you like to take the dementia self-diagnosis test?",,치매자가진단을 안하고 진행하신다면 귀하의 상황에 대해 정확한 평가를 드리기 어려울 수도 있습니다. 치매자가진단 테스트를 진행하시겠습니까?,
scene_register_1,,,"Smartcare Terms of Use, Agree to all Terms of Use, Agree to Smartcare Terms of Use (required), Agree to collection and use of personal information (required), Agree to use of marketing information (optional), Agree to all benefit notifications",,"스마케어 이용약관, 이용약관 전체동의, 스마케어 이용약관에 동의(필수), 개인정보 수집·이용 동의(필수), 마케팅 정보 활용 동의(선택), 혜택 알림에 전체 동의, ",
scene_register_2,,,"Details, You can receive comprehensive brain cognitive reports by email. ",,"자세히보기, 두뇌인지종합보고서 등을 메일로 받아보실 수 있습니다.",
scene_register_3,,,"Email, Push Notification",,"이메일, 앱 알람(PUSH)",
scene_register_4,,,"Agree, Check duplicate, Delete",,"동의합니다, 중복확인, 지우기",
scene_register_5,,,"Please enter at least two digits, Please enter at least four digits",,"두 자리 이상 입력해주세요, 네 자리 이상 입력해주세요",
scene_register_6,,,"Optional question, Please enter your education level",,"선택시 입력, 교육 받은 정도를 알려주세요  ",
scene_register_7,,,Age,,연령,
scene_register_8,,,Now you can use Smarcare. Shall we begin? ,,이제 스마케어를 이용하실 수 있습니다! 시작해 볼까요?,
scene_register_9,,,"I am your attending physician, Dr. Doo. Nice to meet you.  ",,저는 여러분의 주치의 두닥터 입니다 만나서 반갑습니다,
scene_register_10,,,Yes! Nice to meet you too! ,,네! 저도 반가워요!,
scene_register_11,,,"Dementia diagnosis, Do it nexttime",,"치매 진단하기, 다음에 하기",
scene_purchase_0,,,What is Smartcare PRO member? ,,스마케어 PRO 회원이란?,
scene_purchase_1,,,You can enjoy all of the Smartcare's cognitive training games designed by the country's best researchers.,,국내 최고의 연구진들이 설계한 스마케어의 모든 인지 훈련 게임을 즐길 수 있습니다.,
scene_purchase_2,,,We provide systematic training to help you improve your weak areas by analyzing your cognitive status in detail.,,회원님의 인지 상태를 상세 분석하여 부족한 영역을 보완할 수 있는체계적인 훈련을 제공합니다.,
scene_purchase_3,,,What is my brain age? Various statistical data through detailed analysis of each game is provided. ,,나의 두뇌 나이는 어느 수준인가? 각 게임별 상세분석을 통해 다양한 통계 자료를 제공합니다.,
scene_purchase_4,,,"Do you want to continue with the purchase? Once you use the pass after the purchase, it cannot be refunded. ",,"구매를 진행하시겠습니까?, 이용권을 구매하신 다음 사용하신 후에는 환불되지않습니다.",
scene_purchase_5,,,"Purchase selected pass, register coupon ",,"선택한 이용권 구매, 쿠폰 등록하기",
scene_purchase_6,,,"4900 won, 8900 won",,"4900원, 8900원",
scene_purchase_7,,,"11,900 won, 23,900 won",,"11,900원, 23,900원",
scene_purchase_8,,,"34,900 won, 69,900 won",,"34,900원, 69,900원",
scene_purchase_9,,,"79,000 won, 119,000 won",,"79,000원, 119,000원",
scene_five_games_0,,,"Today's training, Next training",,"오늘의 훈련, 다음 훈련",
scene_five_games_1,,,Get ready for 5 new trainings. Stimulate your brain 365 days for free. ,,"매일 새로운 5개의 훈련을 준비합니다, 365일 매일 무료로 두뇌를 자극해보세요",
scene_five_games_2,,,"You have completed all the trainings for today! Thank you for your hard work! Now, shall we train freely?",,"오늘의 훈련을 모두 완료했습니다! 수고하셨습니다!, 이제 자유롭게 훈련해 볼까요?",
scene_diagnosis_0,,,"Question, Stop, Move on, Result ",,"질문, 정지, 넘어가기, 결과",
scene_diagnosis_1,,,This digital brain screening is a cognitive screening program of 'Ariacare Korea' that utilizes MMSE (Mini Mental State Examination) and dementia screening items. You can proceed if you agree to the collection of personal information such as diagnosis results.,,본 디지털 브레인 스크리닝은 MMSE(간이정신상태검사)와 치매 검사 문항을 활용한 '아리아케어 코리아'의 인지 검사 프로그램입니다. 진단 결과 등 개인정보 수집에 동의할 경우 진행하실 수 있습니다.,
scene_diagnosis_2,,,Consent to collection of personal information,,개인정보 수집동의,
scene_diagnosis_3,,,"If you end now, progress will not be saved. ",,지금 종료하면 진행사항이 저장되지 않습니다.,
scene_diagnosis_4,,,"Continue, Stop, Start another exam ",,"계속 진행 하기, 그만 하기, 다른 검사 하기",
scene_diagnosis_5,,,What will it look like from above? This is a side view of three shapes stacked on top of each other. ,,"위에서 보면 어떤 모습일까요?, 3개의 도형을 쌓고 옆에서 본 모습입니다.",
scene_diagnosis_6,,,"Normal expected, Risk expected, High risk expected",,"정상 추정, 위험 추정,고도위험 추정",
scene_diagnosis_7,,,"If you score 15 or less out of 25, you may have cognitive decline (If cognitive decline continues, you are at a higher risk of dementia.) Getting an accurate examination from a professional is highly recommended. ",,총 25점 만점 중 15점 이하면 인지능력 저하가 있을 수도 있습니다. (인지저하가 계속될 시 치매 위험성이 높습니다.) 전문가에게 정확한 검사를 받아보시는 것을 권장합니다.,
scene_diagnosis_8,,,Dementia self-diagnosis standard,,치매자가검사 기준표,
scene_diagnosis_9,,,"Score 20~25: Estimated safe group, 16~19: Estimated risk group, 0~15: Estimated high risk group",,"20~25점 : 안전군 추정, 16~19점 : 위험군 추정, 0~15점 : 고도 위험군 추정",
scene_imig_0,,,"Explanation, Normal, View detailed analysis, Detailed result, Response time",,"설명, 정 상, 상세분석 보기, 상세 결과, 반응시간",
scene_imig_1,,,We will conduct the examination once more for accurate test results. ,,정확한 검사 결과를 위해 한 번 더 진행하겠습니다,
scene_imig_2,,,Good job. Only press when a triangle appears. ,,잘하셨습니다. 삼각형이 나올 때만 누르세요.,
scene_imig_3,,,"The Motor Imagery Task consists of three subtests. You can proceed if you agree to the collection of personal information, including diagnostic results.",,"운동심상 검사(MotorImagery Task)는 3개의 소검사로 구성됩니다, 진단 결과 등 개인정보 수집에 동의할 경우 진행하실 수 있습니다.",
scene_imig_4,,,1. Simple reaction speed test 2. Image rotation test 3. Response inhibition test,,1. 간단한 반응속도 검사 2. 심상회전 검사 3. 반응억제 검사,
scene_orientation_0,,,Well done! Please wait until we finish calculating your result. ,,잘 하셨습니다! 결과 계산 중이니 잠시만 기다려주세요.,
scene_orientation_1,,,The orientation test consists of one practice problem followed by actual problems. Problems on the concept of date and time are given. ,,"지남력 검사는 한 번의 연습문제 진행 후 실전 문제들로 구성되어 있습니다. 날짜, 시간 개념의 문제가 출제됩니다.",
scene_orientation_2,,,"<Practice problem>, <Problem {0}>",,"<연습문제>, <문제 {0}>",
scene_orientation_3,,,Well done! Now is the real problem. ,,잘 하셨습니다! 이제 실전 검사입니다.,
scene_orientation_4,,,"Correct! Today is {} month, {} day. ",,맞아요! 오늘은 {0}월 {1}일 입니다.,
scene_orientation_5,,,It is a practice problem. What month and day is today? ,,연습문제입니다. 오늘은 몇 월 몇 일인가요?,
scene_ox_quiz_0,,,Did you have fun learning about dementia? Thank you for your effort!,,치매에 대해 알아본 시간 즐거우셨나요? 수고하셨습니다!,
scene_ox_quiz_1,,,"Quiz result, Incorrect answers explanation",,"퀴즈 결과, 틀린 문제 해설",
scene_ox_quiz_2,,,Dementia can be prevented!,,치매는 예방할 수 있답니다!,
scene_ox_quiz_3,,,OX Quiz guide,,OX 퀴즈 방법,
scene_ox_quiz_4,,,"Read the question, Click O if correct, click X if wrong. ",,"문제를 읽고, 맞으면 O를 틀리면 X를 눌러주세요.",
scene_know_dementia_0,,,Shall we learn about the types of dementia?,,치매 종류에 대해 알아볼까요?,
scene_know_dementia_1,,,Dementia can be categorized into five types! Let's find out together. Learn more. ,,"치매는 크게 다섯 가지 종류로 구분할 수 있어요!, 같이 알아볼까요?, 알아보기",
scene_know_dementia_2,,,"Alzheimer's dementia, which accounts for 55~70% of all dementia, is characterized by memory loss due to degeneration of brain cells. It develops very slowly and worsens gradually. ",,"알츠하이머 치매, 전체 치매의 55~70%를 차지하며 뇌세포의 퇴화로 인한 기억력 저하가 가장 큰 특징입니다. 매우 서서히 발병하며 점차적으로 악화됩니다.",
scene_know_dementia_3,,,"Vascular dementia, which accounts for 15~20% of all dementia, is the second most common dementia. It mainly occurs in people with high blood pressure or diabetes, and may also present with symptoms of stroke. ",,"혈관성 치매, 전체 치매의 15~20%를 차지하며 두 번째로 많은 치매입니다. 고혈압이나 당뇨가 있는 경우에 주로 발병하며 뇌졸중 증상을 함께 보이기도 합니다.",
scene_know_dementia_4,,,"Dementia with Lewy Body, which accouns for 10~25%of all dementia, can display symptoms of Parkinson's disease. Early detection is essential because it responds well to medicine. ",,"루이체 치매, 전체 치매의 10~25%를 차지하며 파킨슨병 증상을 함께 보이는 치매입니다. 약물 치료에 대한 반응이 좋아 조기 발견이 중요합니다.",
scene_know_dementia_5,,,"Alcoholic dementia, which can occur with continuous excessive drinking, can occur as early as the 50s or as late as 70s depending on the amount of alcohol consumed. ",,"알코올성 치매, 장기간 과음을 지속할 경우 치매로 이어질 수 있습니다. 알코올 섭취량에 따라 이르면 50대에서 늦으면 70대 이후에 발병하기도 합니다.",
scene_know_dementia_6,,,"Reversible dementia, which accounts for 5~10% of all dementia, is dementia that occurs due to a curable condition. Typical causes include depression, alcoholism, and brain tumors. ",,"가역성 치매, 전체 지매의 5~10%를 차지하며 완치 가능한 원인에 의해 발생한 치매를 의미합니다. 대표적인 원인은 우울증·알코올 중독·뇌종양 등이 있습니다.",
scene_know_dementia_7,,,"Did you have fun? Shall we go train our brains? Cognitive training, next time",,"즐거우셨나요! 그럼 이제 두뇌를 훈련하러 가볼까요?, 인지 훈련하기, 다음에 하기",
scene_know_dementia_8,,,"Stop, play audio",,"멈춤, 음성듣기",
scene_know_dementia_9,,,"Hello, I am Dr. Kim. What is dementia? How is dementia diagnosed? ",,안녕하세요 김박사입니다. 치매란 무엇일까요? 치매는 어떻게 진단될까요?,
scene_know_dementia_10,,,Shall we find out about the definition of dementia and its diagnostic criteria? ,,치매의 정의와 진단 기준에 대해서 알아볼까요?,
scene_know_dementia_11,,,Definition of dementia,,치매의 정의,
scene_know_dementia_12,,,"Dementia is a condition in which a person who was living a normal life experiences a decline in cognitive functions in various areas such as memory, language, and judgment due to various causes, causing significant disruption in daily life. Dementia is not a single disease name, but a group of symptoms that appear together under certain conditions.",,"치매는 정상적으로 생활해오던 사람이 후천적으로 다양한 원인으로 인해 기억,언어, 판단력 등의 여러 영역의 인지기능이 떨어져서 일상 생활에 상당한 지장이 나타나는 상태를 말합니다.
치매는 어떤 하나의 질병 명이 아니라, 특정한 조건에서 여러 증상들이 함께 나타나는 증상들의 묶음입니다.",
scene_know_dementia_13,,,"Dementia's main early symptom, memory loss",,"치매의 대표적인 초기증상, 기억력 감퇴",
scene_know_dementia_14,,,Memory loss due to aging is a normal change. Dementia is different from this normal change. Memory loss that occurs with age is usually limited to trivial matters. Let's compare the differences between memory loss in normal elderly people and elderly people with dementia. ,,나이가 듦에 따른 기억력의 저하는 정상적인 변화입니다. 치매는 이러한 정상적인 변화와는 다릅니다. 나이가 들면서 생기는 기억력 저하는 대개 사소한 일들에 국한되어 있습니다. 간단하게 정상 노인과 치매 노인의 기억력 차이를 비교해봅시다.,
scene_know_dementia_15,,,"Memory loss in the normal elderly, caused by the natural aging process of the brain, forgetting part of what is experienced, does not progress even with great loss of memory, aware of one's memory loss, does not interfere with daily life",,"정상 노인의 기억력 저하, 뇌의 자연적인 노화현상이 원인, 경험한 것의 일부를 잊어버린다, 잊어버리는 것이 많아져도 진행 되지 않는다, 잊어버린 사실을 스스로 안다, 일상생활에 지장이 없다.",
scene_know_dementia_16,,,"Memory loss in the elderly with dementia, caused by the disease or trauma of the brain, completely forgets what is experienced, judgment impairment with progressive memory loss, not aware of memory loss, interferes with daily life",,"치매 노인의 기억력 저하, 뇌의 질병이나 손상이 원인이다, 경험한 것의 전체를 잊어버린다, 기억장애가 점차 심해지며 판단력도 저하된다, 잊어버린 사실 자체를 모른다, 일상생활에 지장을 받는다",
scene_know_dementia_17,,,Diagnostic criteria of dementia,,치매의 진단기준,
scene_know_dementia_18,,,"The guideline of DSM-V(diagnostic and statistical manual of mental disorder, 5th edition)of current American Psychiatric Association is commonly used in the diagnosis of dementia. The DSM-V is the Diagnostic Statistical Manual of Mental Disorders, created for use by mental health professionals. ",,"치매 진단에는 현재 미국 정신과 학회의 DSM-V(diagnostic and statistical manual of mental disorder, 5th edition)진단기준이 가장 널리 사용되고 있습니다. DSM-V는 정신질환 진단 및 통계 편람으로써 정신건강 분야의 전문가들을 위해 만들어졌습니다.",
scene_know_dementia_19,,,"Diagnostic criteria are as follows: A. Various cognitive deficits occur, which are manifested by two of the following, including memory impairment: 1. Memory impairment (impaired ability to learn new information, impaired ability to recall previously learned information) 2. Presence of one or more of the following cognitive impairments a) Aphasia (language impairment) b) Apraxia (impaired ability to perform motor activities despite normal motor function c) Agnosia (inability to recognize objects despite normal sensory function) Executive functions (e.g., planning, organizing, arranging, summarizing)",,"진단 기준은 다음과 같습니다. A. 여러가지  인지 결핍이 발생하는데, 다음 중 기억장애를 포함한 두 가지로 나타난다. 1. 기억장애 (새로운 정보를 학습할 능력 장애, 과거 학습한 정보를 회상하는 능력의 장애) 2. 다음의 인지장애 중 하나 이상 존재 a) 실어증 (언어장애)
b) 실행증 (운동기능이 정상인데도 운동 활동 수행능력의 손상 c)실인증 (감각기능이 정상인데도 대상을 인지하지 못함) 실행기능(예: 기획, 구성, 배열, 요약)",
scene_know_dementia_20,,,"B. The above disability cause serious impairment in social and occupational functioning and are significantly deteriorated compared to the premorbid level of functioning. C. The disability does not appear during the course of delirium. In other words, if it includes memory impairment and one or more of the cognitive impairments mentioned above, and criteria B and C are met, it is recommended that one receives treatment and counseling from a professional or medical institution. ",,"B. 위의 장애가 사회적 및 직업적 기능의 심각한 장해를 초래하고 병전의 기능 수준보다 상당히 감퇴되어 있음 C. 장애가 섬망의 경과 중에는 나타난 것이 아님 즉, 기억장애를 포함하고 앞서 언급된 인지장애 중 하나이상이 존재하고 B와 C를 충족시킨다면 전문의, 의료기관의 진료 및 상담을 받기를 권장합니다.",
scene_brain_report_0,,,"Registered email address, Change email address, Send report, Register, Email address",,"등록된 이메일 주소, 이메일 변경하기, 보고서 전송하기, 등록하기, 이메일 주소",
scene_brain_report_1,,,What is paid member? ,,유료 회원이란?,
scene_brain_report_2,,,You can enjoy all of the Smartcare's cognitive training games designed by the country's best researchers.,,국내 최고의 연구진들이 설계한 스마케어의 모든 인지 훈련 게임을 즐길 수 있습니다.,
scene_brain_report_3,,,The Smartcare provides systematic training to complement any areas of weakness by thorough analysis of your cognitive status. ,,회원님의 인지 상태를 상세 분석하여 부족한 영역을 보완할 수 있는 체계적인 훈련을 제공합니다.,
scene_brain_report_4,,,What is my brain age? Various statistical data through detailed analysis of each game is provided. ,,나의 두뇌 나이는 어느 수준인가? 각 게임별 상세분석을 통해 다양한 통계 자료를 제공합니다.,
scene_brain_report_5,,,You must complete the digital brain screening and cognitive training in each of the five areas at least once to complete the brain cognitive analysis report. ,,디지털 브레인 스크리닝과 5가지 영역의 인지 훈련을 최소 한번씩은 수행하셔야 두뇌인지 분석 보고서가 완성됩니다,
scene_brain_report_6,,,"Preview, Download",,"미리보기, 받아보기",
scene_memory,,,Remember numbers and words in order,,"숫자와 한글을 순서대로 기억하기, ",
scene_attention,,,Determine whether the picture above matches the one below.,,"위에 그림이 아래와 일치하는지 판단하기, ",
scene_language,,,Look at the picture and guess the correct name,,그림을 보고 알맞은 이름 맞추기,
scene_calculation,,,Add and subtract looking at numbers,,숫자를 보고 더하기와 빼기,
scene_perceptivity,,,Find a leaf that is different in shape ,,모양이 다른 한 가지 나뭇잎 찾기,
scene_gostop_0,,,Choosing a card that I can possess exclusively using the card that I have ,,내가 가진 패로 독점할 수 있는 패 고르기,
scene_gostop_1,,,"My cards, Cards on the floor",,"내가 가진 패, 바닥에 깔린 패",
scene_compare,,,Choosing an animal that is bigger in size in real life,,현실에서 실제로 크기가 더 큰 동물 선택하기,
scene_black_stone,,,Remembering the location of the black stone,,검은돌의 위치 기억하기,
scene_hand,,,Guessing whether the hand is left or right by looking at the shape of the hand,,손의 모양을 보고 왼손인지 오른손인지 맞추기,
scene_jewel,,,Selecting the identical jewel by looking at the passing jewels. ,,지나가는 보석을 보고 똑같은 보석 선택하기,
scene_direction_0,,,Choosing the picture that is looking in the other direction. ,,바라보는 방향이 다른 그림 찾기,
scene_direction_1,,,Which picture is the one that is facing a different direction? ,,혼자 방향이 다른 그림은 무엇인가요?,
scene_word,,,Putting the consonants and vowels in order by looking at the word,,단어를 보고 자음과 모음 순서대로 조합하기,
scene_order_0,,,Calculating the cost of the food by looking at the bill. ,,계산서 보고 음식 값 계산하기,
scene_order_1,,,"Bill, Discount",,"계 산 서, 할인",
scene_opt_0,,,Finding the location of an object by referring to the direction the doctor is looking. ,,의사가 바라보고 있는 방향을 참고해서 사물의 위치 찾기,
scene_opt_1,,,Doctor,,닥터,
scene_matching_0,,,"If you don't remember the picture that you first saw, please click 'View Hint' below. ",,처음 봤던 그림이 생각나지 않을 땐 아래의 ‘힌트보기'를 눌러주세요,
scene_matching_1,,,Finding the matching pictures,,서로 같은 그림 짝 찾기,
scene_proverb_0,,,Filling in the missing word and sentenses in proverb,,속담의 빠진 단어와 문장 채우기,
scene_proverb_1,,,Interpretation of the meaning of proverb,,속담 뜻 풀이,
scene_push_the_button,,,Pressing the button when an object appears ,,대상 물체가 나타날 때만 버튼 누르기,
scene_who_is_it_0,,,Solving problems while remembering the character information,,인물정보를 기억한 상태로 문제 맞추기,
scene_who_is_it_1,,,Please look carefully and remember. ,,잘 보고 기억해주세요.,
scene_where_is_it,,,Finding items that belong to a specific place,,특정 장소에서 있을 만한 물건 찾기,
